kanji,kana,meaning,local_score,moji_seen_count,moji_wrong_count,moji_right_count,migration_priority
故障,こしょう,故障,-11.2,7,7,0,197.0
守る,まもる,遵守；保护,-1.2,6,6,0,197.0
きちんと,きちんと,好好地；整齐地；准确地；恰当地,-1.2,6,6,0,196.0
フリーズ,ふりーず,冻结；死机；凝固,-1.1,6,6,0,195.0
丁寧,ていねい,礼貌；细心周到,-1.2,5,5,0,176.0
被る,かぶる,戴帽子,-1.2,5,5,0,176.0
怒る,おこる,发怒；骂，训斥,-1.2,5,5,0,175.0
注意,ちゅうい,注意，留神；提醒，警告,-1.2,5,5,0,175.0
生きる,いきる,生存；生活,-1.2,5,5,0,175.0
うっかり,うっかり,不注意，不留神；无意中，稀里糊涂，漫不经心、心不在焉；发呆，发愣，茫然,-1.2,5,5,0,174.0
提出,ていしゅつ,提交，提出,-1.2,5,5,0,174.0
詳しい,くわしい,详细；精通,-1.2,5,5,0,174.0
気さく,きさく,坦率，直爽，爽快，明朗,-1.1,5,5,0,173.0
相変わらず,あいかわらず,照旧，仍旧跟往常一样,-1.1,5,5,0,173.0
階段,かいだん,楼梯，台阶,0.5,6,5,1,162.0
下がる,さがる,下降；后退；退步,0.5,6,5,1,161.0
吸殻,すいがら,烟头,0.5,6,5,1,160.0
変わる,かわる,改变，变化,0.5,6,5,1,160.0
迎える,むかえる,迎接；迎来,0.5,6,5,1,160.0
サボる,さぼる,旷工，缺勤,0.5,6,5,1,159.0
コンクリート,こんくりーと,混凝土;水泥,0.5999999999999999,6,5,1,159.0
文章,ぶんしょう,文章，作品,-1.2,4,4,0,154.0
迷惑,めいわく,麻烦，为难,-1.2,4,4,0,153.0
野球場,やきゅうじょう,棒球场,-1.2,4,4,0,152.0
免許証,めんきょしょう,许可证，执照,-1.1,4,4,0,151.0
履く,はく,穿鞋/裤子,0.8,5,4,1,137.0
カーテン,かーてん,窗帘；幕；帘子,0.8,5,4,1,136.0
サンダル,さんだる,草鞋式的皮鞋；凉鞋；拖鞋,0.8,5,4,1,136.0
答える,こたえる,回应；回答，解答,0.8,5,4,1,136.0
美しい,うつくしい,美丽的；美好的,0.8,5,4,1,136.0
親しい,したしい,亲近的，亲密的,0.8,5,4,1,136.0
間違える,まちがえる,弄错，搞错,0.8,5,4,1,136.0
到着,とうちゃく,到达,0.8,5,4,1,135.0
腕時計,うでどけい,手表，腕表,0.8,5,4,1,135.0
謝る,あやまる,道歉，谢罪,0.8,5,4,1,135.0
破る,やぶる,打破；破坏；违反；打败,0.8,5,4,1,134.0
就職,しゅうしょく,就职，就业，找到工作,-1.2,3,3,0,132.0
警官,けいかん,警察,-1.2,3,3,0,132.0
質問,しつもん,问题，提问,-1.2,3,3,0,132.0
交換,こうかん,交换；交易,-1.2,3,3,0,131.0
参加,さんか,参加,-1.2,3,3,0,131.0
喧嘩,けんか,吵嘴，口角，吵闹，吵架；喧嚷，打架,-1.2,3,3,0,131.0
場合,ばあい,场合，时候，情形,-1.2,3,3,0,131.0
当たる,あたる,打中，命中；撞上；猜中；相当于,-1.2,3,3,0,131.0
暫く,しばらく,暂时，片刻，且慢，不久，一会儿 虽不太长但亦非很短的时间；很久，许久 时间要经过得稍长一点的；暂且，姑且，暂时 不管将来如何，指是眼前时刻,-1.2,3,3,0,131.0
機会,きかい,机会,-1.2,3,3,0,131.0
気が付く,きがつく,意识到，注意到，发觉；细心周到，无微不至；恢复神志，意识苏醒,-1.2,3,3,0,131.0
消しゴム,けしごむ,橡皮擦，橡皮能擦掉铅笔等书写痕迹的文具,-1.2,3,3,0,131.0
用意,ようい,准备，预备,-1.2,3,3,0,131.0
確り,しっかり,稳固，结实，牢固，牢靠确，明确基础或结构坚固，不易动摇或倒塌的状态；（身体）健壮，结实清醒，坚实头脑和肉体等健全，能充分发挥其功能；（性格）坚强，刚强，高明坚定，可靠人的性格、见识等踏实而无风险；用力地，好好地（动作、行为）扎实，稳健；坚固，牢实，靠紧紧靠在一起使之不分离；（经济）行情看涨，坚挺行情处于上升趋势,-1.2,3,3,0,131.0
非常に,ひじょうに,非常（地）,-1.2,3,3,0,131.0
勿体ない,もったいない,可惜的，浪费的，糟蹋掉的；过分（好）的，好得与身份不相符的；不胜感激；不胜惶恐,-1.2,3,3,0,130.0
国際貿易,こくさいぼうえき,国际贸易,-1.2,3,3,0,130.0
新居,しんきょ,新居，新住宅,-1.2,3,3,0,130.0
旨く,うまく,顺利、很好、高明,-1.2,3,3,0,130.0
滞在,たいざい,停留，逗留，旅居,-1.2,3,3,0,130.0
表現,ひょうげん,表现；表达,-1.2,3,3,0,130.0
計算,けいさん,计算；考虑，估计；〈数〉计算，运算,-1.2,3,3,0,130.0
講座,こうざ,讲座大学所属系级单位，由教授及其下属的副教授、讲师、助教等组成；讲座大学里的专题讲解，或在一定时期内讲授专业知识的讲习班；讲座，讲义就某一领域成体系编辑的教材出版形式；讲座，讲席寺院里讲师的坐席,-1.2,3,3,0,130.0
貯める,ためる,积累，储蓄,-1.2,3,3,0,130.0
貯金,ちょきん,存款，储蓄,-1.2,3,3,0,130.0
遠慮なく,えんりょなく,不客气,-1.2,3,3,0,130.0
宇宙飛行士,うちゅうひこうし,宇航员,-1.1,3,3,0,129.0
付ける,つける,加上，附加,1.3,4,3,1,115.0
灰皿,はいざら,烟灰碟，烟灰缸,1.3,4,3,1,115.0
出発,しゅっぱつ,出发,1.3,4,3,1,114.0
報告書,ほうこくしょ,报告书;汇报文件,1.3,4,3,1,113.0
特典,とくてん,特别优惠；额外赠品；特别福利,1.3,4,3,1,113.0
訳す,やくす,译，翻，翻译；解释,1.3,4,3,1,113.0
会う,あう,见面；偶遇,-1.2,2,2,0,110.0
借りる,かりる,借入，借来,-1.2,2,2,0,110.0
夕方,ゆうがた,傍晚,-1.2,2,2,0,110.0
女性,じょせい,女性，女人,-1.2,2,2,0,110.0
宿題,しゅくだい,作业,-1.2,2,2,0,110.0
掃除,そうじ,扫除,-1.2,2,2,0,110.0
教える,おしえる,教,-1.2,2,2,0,110.0
書く,かく,写,-1.2,2,2,0,110.0
歌舞伎,かぶき,歌舞伎,-1.2,2,2,0,110.0
浴衣,ゆかた,夏季简便和服，浴衣,-1.2,2,2,0,110.0
習う,ならう,学习，学会,-1.2,2,2,0,110.0
貸す,かす,借出，贷给,-1.2,2,2,0,110.0
辛い,からい,辣的；烈的,-1.2,2,2,0,110.0
送る,おくる,发送，送,-1.2,2,2,0,110.0
玄関,げんかん,玄关,1.3,4,3,1,110.0
くれる,くれる,给（我）,-1.2,2,2,0,109.0
太る,ふとる,胖，发福,-1.2,2,2,0,109.0
届ける,とどける,送，送到；申报,-1.2,2,2,0,109.0
昼休み,ひるやすみ,午休,-1.2,2,2,0,109.0
殆ど,ほとんど,大部分，大致，大体；几乎，差一点,-1.2,2,2,0,109.0
法律,ほうりつ,法律,-1.2,2,2,0,109.0
貰う,もらう,领到，收受，得到；受到；承担接受；娶，收养；传上感染上；请求；拿下来；买,-1.2,2,2,0,109.0
再会,さいかい,再会，再见，重新相逢,1.3,4,3,1,109.0
遊園地,ゆうえんち,游乐园,1.3,4,3,1,109.0
〜について,~について,关于……,-1.2,2,2,0,108.0
かささぎ,かささぎ,鹊，喜鹊；鹭鸶,-1.2,2,2,0,108.0
どういたしまして,どういたしまして,不客气,-1.2,2,2,0,108.0
不動産屋,ふどうさんや,房地产经纪人，房产公司,-1.2,2,2,0,108.0
午前中,ごぜんちゅう,上午,-1.2,2,2,0,108.0
年上,としうえ,年长，岁数大（的人）,-1.2,2,2,0,108.0
年寄り,としより,老人；老头儿；〈相撲〉相扑协会的董事,-1.2,2,2,0,108.0
支社長,ししゃちょう,分公司经理；分公司总经理,-1.2,2,2,0,108.0
紙飛行機,かみひこうき,纸飞机,-1.2,2,2,0,108.0
速達,そくたつ,快信；快件；速寄,-1.2,2,2,0,108.0
防ぐ,ふせぐ,防御，防守，防卫，防止；预防，防备,-1.2,2,2,0,108.0
汚す,よごす,弄脏；搀和，拌和,1.3,4,3,1,108.0
小麦粉,こむぎこ,面粉,-1.1,2,2,0,107.0
標識,ひょうしき,标志，标记；标识,-1.1,2,2,0,107.0
眺め,ながめ,眺望，瞭望；景色，风景，景致,-1.1,2,2,0,107.0
豊作,ほうさく,丰收,-1.1,2,2,0,107.0
運転手,うんてんしゅ,司机,2.8,5,3,2,97.0
閉まる,しまる,关闭，关着,2.8,5,3,2,97.0
プラスチック,ぷらすちっく,塑料；塑胶,2.8,5,3,2,96.0
担当,たんとう,担任，担当，担负,2.8,5,3,2,96.0
楽,らく,舒适；轻松,2.8,5,3,2,96.0
開く,ひらく,开；开张,2.8,5,3,2,96.0
電源,でんげん,电源；电源,2.8,5,3,2,96.0
飼う,かう,养，饲养,2.8,5,3,2,96.0
宅配便,たくはいびん,快递服务；宅急送,2.8,5,3,2,95.0
誠,まこと,真诚；真实；诚实,2.9,5,3,2,94.0
患者,かんじゃ,患者，病人,3.8,6,3,3,89.0
いっぱい,いっぱい,⓪（いっぱい）充满，很多；①一杯，一碗,-1.2,1,1,0,88.0
お菓子,おかし,点心，糕点，糖果同「菓子」,-1.2,1,1,0,88.0
かばん,かばん,（皮革或布等制作的）书包，提包,-1.2,1,1,0,88.0
どうやって,どうやって,怎么（做）,-1.2,1,1,0,88.0
やっと,やっと,终于,-1.2,1,1,0,88.0
ギター,ぎたー,guitar吉他，六弦琴,-1.2,1,1,0,88.0
シャツ,しゃつ,"（shirt）（西式）衬衫，衬衣，西装衬衫；汗衫,内衣",-1.2,1,1,0,88.0
スカート,すかーと,"skirt裙子；（汽车、火车、电车前部排除障碍物的）铁板, 保险杠",-1.2,1,1,0,88.0
セーター,せーたー,sweater毛衣，毛线上衣,-1.2,1,1,0,88.0
ネクタイ,ねくたい,necktie 领带,-1.2,1,1,0,88.0
バイク,ばいく,bike机动脚踏两用车，摩托车，机器脚踏车,-1.2,1,1,0,88.0
ヨーロッパ,よーろっぱ,欧洲,-1.2,1,1,0,88.0
一昨日,おととい,前天,-1.2,1,1,0,88.0
丁度,ちょうど,整，正；正好，恰好,-1.2,1,1,0,88.0
下,した,下面；里面；（年龄、地位、程度、能力等）低,-1.2,1,1,0,88.0
下手,へた,不擅长，笨拙,-1.2,1,1,0,88.0
不味い,まずい,不好吃；难吃；拙劣；笨拙；不高明，不好；丑，难看；不妙，不合适，不恰当,-1.2,1,1,0,88.0
中華街,ちゅうかがい,唐人街;中华街,-1.2,1,1,0,88.0
乗る,のる,乘坐,-1.2,1,1,0,88.0
交差点,こうさてん,十字路口,-1.2,1,1,0,88.0
今晩,こんばん,今晚，今夜,-1.2,1,1,0,88.0
今朝,けさ,今天早上,-1.2,1,1,0,88.0
今週,こんしゅう,这周,-1.2,1,1,0,88.0
他,ほか,别处，别的地方，外部，外地；别的，另外，其他，其余；除了......以外；除了……以外……还；只有，只好，只能,-1.2,1,1,0,88.0
仲,なか,交情；交谊；(人与人的)关系,-1.2,1,1,0,88.0
伝える,つたえる,通知，传达；传授,-1.2,1,1,0,88.0
低い,ひくい,矮的；（声音）小的；低的,-1.2,1,1,0,88.0
体,からだ,身体；体格；健康,-1.2,1,1,0,88.0
何方,どなた,哪位,-1.2,1,1,0,88.0
作家,さっか,作家,-1.2,1,1,0,88.0
働く,はたらく,工作，劳动,-1.2,1,1,0,88.0
兄弟,きょうだい,兄弟姐妹,-1.2,1,1,0,88.0
先ず,まず,先，首先最初，开头；大概，大致大体，差不多；姑且，暂且，不管怎样，总之,-1.2,1,1,0,88.0
入り口,いりぐち,入口,-1.2,1,1,0,88.0
入る,はいる,进入,-1.2,1,1,0,88.0
冬,ふゆ,冬天，冬季,-1.2,1,1,0,88.0
冷蔵庫,れいぞうこ,冰箱,-1.2,1,1,0,88.0
出かける,でかける,出门，出发,-1.2,1,1,0,88.0
出る,でる,出来，出去,-1.2,1,1,0,88.0
出張,しゅっちょう,出差,-1.2,1,1,0,88.0
出来る,できる,做好，做完；做出，建成；形成，出现；产，发生，有；出产；出色、有修养、有才能、成绩好；能够（做某事）,-1.2,1,1,0,88.0
切る,きる,切，割；中断，关闭,-1.2,1,1,0,88.0
午前,ごぜん,上午,-1.2,1,1,0,88.0
卵,たまご,蛋，鸡蛋；未成熟者,-1.2,1,1,0,88.0
原稿,げんこう,原稿，草稿,-1.2,1,1,0,88.0
去年,きょねん,去年,-1.2,1,1,0,88.0
吸う,すう,吸；吮吸；吸收,-1.2,1,1,0,88.0
吹く,ふく,刮风；吹,-1.2,1,1,0,88.0
呼ぶ,よぶ,呼唤；叫来；叫作；邀请,-1.2,1,1,0,88.0
唐揚げ,からあげ,干炸（食品）把小鱼、鸡肉等什么也不蘸或裹面粉用油炸，亦指这样炸成的食品,-1.2,1,1,0,88.0
国,くに,国家；家乡,-1.2,1,1,0,88.0
地下鉄,ちかてつ,地铁,-1.2,1,1,0,88.0
地図,ちず,地图,-1.2,1,1,0,88.0
売り場,うりば,卖场，柜台,-1.2,1,1,0,88.0
売店,ばいてん,小卖部，小卖店，售货亭,-1.2,1,1,0,88.0
外,そと,外边，外面，外部,-1.2,1,1,0,88.0
外出,がいしゅつ,出门，出外，外出,-1.2,1,1,0,88.0
外国,がいこく,外国，国外,-1.2,1,1,0,88.0
外国人,がいこくじん,外国人,-1.2,1,1,0,88.0
大分,だいぶ,很，相当，很多，不少；很，很多，很久,-1.2,1,1,0,88.0
大切,たいせつ,大切，重要,-1.2,1,1,0,88.0
大勢,おおぜい,许多人，大批人,-1.2,1,1,0,88.0
太い,ふとい,胖的；粗的,-1.2,1,1,0,88.0
如何,いかが,（表示质疑）如何。；（表示邀请）怎么样。；如何。；（表示质疑）怎么样，如何,-1.2,1,1,0,88.0
子供,こども,小孩；孩子,-1.2,1,1,0,88.0
学生,がくせい,学生,-1.2,1,1,0,88.0
定価,ていか,定价,-1.2,1,1,0,88.0
家族,かぞく,家族,-1.2,1,1,0,88.0
少ない,すくない,少的,-1.2,1,1,0,88.0
左,ひだり,左，左边,-1.2,1,1,0,88.0
市役所,しやくしょ,市政府，市政厅,-1.2,1,1,0,88.0
席,せき,座位，席位,-1.2,1,1,0,88.0
広告,こうこく,广告,-1.2,1,1,0,88.0
座る,すわる,坐,-1.2,1,1,0,88.0
庭,にわ,庭院，院子,-1.2,1,1,0,88.0
待つ,まつ,等待,-1.2,1,1,0,88.0
後ろ,うしろ,后面；背后,-1.2,1,1,0,88.0
悪い,わるい,坏的，不好的,-1.2,1,1,0,88.0
所,ところ,场所，地方,-1.2,1,1,0,88.0
手紙,てがみ,书信,-1.2,1,1,0,88.0
持つ,もつ,拿着，拥有,-1.2,1,1,0,88.0
探す,さがす,寻找,-1.2,1,1,0,88.0
教室,きょうしつ,教室；培训班,-1.2,1,1,0,88.0
整理,せいり,整理，整顿；清理，裁减,-1.2,1,1,0,88.0
新聞,しんぶん,新闻,-1.2,1,1,0,88.0
旅行,りょこう,旅行,-1.2,1,1,0,88.0
明るい,あかるい,明亮的；快活的,-1.2,1,1,0,88.0
映画,えいが,电影,-1.2,1,1,0,88.0
時々,ときどき,有时，偶尔,-1.2,1,1,0,88.0
時計,とけい,钟，表,-1.2,1,1,0,88.0
晩御飯,ばんごはん,晚饭,-1.2,1,1,0,88.0
晴れ,はれ,晴天,-1.2,1,1,0,88.0
暇,ひま,（做某事的）时间；闲空，余暇,-1.2,1,1,0,88.0
暗い,くらい,黑的；发暗的；阴沉的,-1.2,1,1,0,88.0
曇り,くもり,阴天；模糊不清,-1.2,1,1,0,88.0
曲がる,まがる,弯曲；拐弯,-1.2,1,1,0,88.0
書道,しょどう,书法，书道；入木道,-1.2,1,1,0,88.0
本棚,ほんだな,书柜，书架,-1.2,1,1,0,88.0
机,つくえ,桌子，书桌,-1.2,1,1,0,88.0
来る,くる,来,-1.2,1,1,0,88.0
果物,くだもの,水果,-1.2,1,1,0,88.0
横断歩道,おうだんほどう,人行横道,-1.2,1,1,0,88.0
歩く,あるく,走路,-1.2,1,1,0,88.0
残業,ざんぎょう,加班,-1.2,1,1,0,88.0
毎日,まいにち,每天,-1.2,1,1,0,88.0
毎晩,まいばん,每晚,-1.2,1,1,0,88.0
汚い,きたない,脏的；杂乱的；卑鄙的,-1.2,1,1,0,88.0
泳ぐ,およぐ,游泳,-1.2,1,1,0,88.0
洋服,ようふく,（西装、裤子、连衣裙、裙子等）衣服,-1.2,1,1,0,88.0
洗う,あらう,洗,-1.2,1,1,0,88.0
消す,けす,关掉（电源）；熄灭；抹去,-1.2,1,1,0,88.0
渡る,わたる,渡过，通过,-1.2,1,1,0,88.0
滑る,すべる,滑行；打滑,-1.2,1,1,0,88.0
無くす,なくす,丢失，失去,-1.2,1,1,0,88.0
焼酎,しょうちゅう,烧酒，蒸馏酒，白酒,-1.2,1,1,0,88.0
特技,とくぎ,拿手的技术,-1.2,1,1,0,88.0
狭い,せまい,窄的，狭小的；狭隘的,-1.2,1,1,0,88.0
甘い,あまい,甜的；宽松的，不严厉的,-1.2,1,1,0,88.0
生徒,せいと,（初中或高中的）学生,-1.2,1,1,0,88.0
生活,せいかつ,生活,-1.2,1,1,0,88.0
男,おとこ,男性，男人,-1.2,1,1,0,88.0
病気,びょうき,疾病,-1.2,1,1,0,88.0
病院,びょういん,病院,-1.2,1,1,0,88.0
目,め,眼睛,-1.2,1,1,0,88.0
直ぐ,すぐ,马上，立刻，立即；非常，紧，（距离）极近；直，直爽笔直亦指坦率,-1.2,1,1,0,88.0
直ぐに,すぐに,立刻，马上,-1.2,1,1,0,88.0
直す,なおす,修理,-1.2,1,1,0,88.0
真っ直ぐ,まっすぐ,直，笔直；直接，径直；正直，耿直，坦率，直率,-1.2,1,1,0,88.0
短い,みじかい,短的；短暂的,-1.2,1,1,0,88.0
社員,しゃいん,公司职员,-1.2,1,1,0,88.0
立つ,たつ,站立,-1.2,1,1,0,88.0
立派,りっぱ,优秀的，出色的,-1.2,1,1,0,88.0
置く,おく,放，置,-1.2,1,1,0,88.0
脱ぐ,ぬぐ,摘下，脱下,-1.2,1,1,0,88.0
興味,きょうみ,兴趣,-1.2,1,1,0,88.0
若い,わかい,年轻的；年幼的；幼稚的,-1.2,1,1,0,88.0
荷物,にもつ,行李，货物,-1.2,1,1,0,88.0
葉書,はがき,明信片,-1.2,1,1,0,88.0
薄い,うすい,薄的；（颜色、味道等）淡的；（程度）轻的,-1.2,1,1,0,88.0
見せる,みせる,给……看，展现,-1.2,1,1,0,88.0
見送り,みおくり,送行；搁置,-1.2,1,1,0,88.0
親子丼,おやこどん,鸡肉鸡蛋盖饭；母子饭,-1.2,1,1,0,88.0
角,かど,（道路等）拐角；（桌子等）棱角,-1.2,1,1,0,88.0
言う,いう,说话，告诉；叫作,-1.2,1,1,0,88.0
試験,しけん,考试；测验,-1.2,1,1,0,88.0
誕生日,たんじょうび,生日,-1.2,1,1,0,88.0
警備,けいび,警备，警戒；戒备；警卫,-1.2,1,1,0,88.0
象,ぞう,大象,-1.2,1,1,0,88.0
財布,さいふ,钱包,-1.2,1,1,0,88.0
賑やか,にぎやか,热闹，熙熙攘攘，繁华，繁盛；极其开朗，热闹,-1.2,1,1,0,88.0
走る,はしる,跑,-1.2,1,1,0,88.0
車,くるま,车,-1.2,1,1,0,88.0
軽い,かるい,轻的；轻微的；轻快的；简单的；轻浮的,-1.2,1,1,0,88.0
込む,こむ,（混）拥挤；（込）费事，精巧,-1.2,1,1,0,88.0
近い,ちかい,近的，靠近的,-1.2,1,1,0,88.0
返す,かえす,归还；翻（过来）,-1.2,1,1,0,88.0
週末,しゅうまつ,周末,-1.2,1,1,0,88.0
道,みち,道路,-1.2,1,1,0,88.0
道具,どうぐ,工具,-1.2,1,1,0,88.0
違い,ちがい,差异，不同,-1.2,1,1,0,88.0
選ぶ,えらぶ,选择,-1.2,1,1,0,88.0
酸っぱい,すっぱい,酸的，酸味的,-1.2,1,1,0,88.0
野球,やきゅう,棒球,-1.2,1,1,0,88.0
野菜,やさい,蔬菜,-1.2,1,1,0,88.0
銀行,ぎんこう,银行,-1.2,1,1,0,88.0
鍵,かぎ,钥匙；锁；关键,-1.2,1,1,0,88.0
長い,ながい,长的；长久的,-1.2,1,1,0,88.0
閉める,しめる,关上，关闭,-1.2,1,1,0,88.0
開ける,あける,打开，开,-1.2,1,1,0,88.0
降る,ふる,下（雨、雪等）,-1.2,1,1,0,88.0
隣,となり,旁边；邻居,-1.2,1,1,0,88.0
雑誌,ざっし,杂志,-1.2,1,1,0,88.0
音楽,おんがく,音乐,-1.2,1,1,0,88.0
頭,あたま,头；顶部；头脑,-1.2,1,1,0,88.0
飛ぶ,とぶ,飞,-1.2,1,1,0,88.0
飛行機,ひこうき,飞机,-1.2,1,1,0,88.0
食堂,しょくどう,食堂,-1.2,1,1,0,88.0
黒い,くろい,黑色的；脏的；邪恶的,-1.2,1,1,0,88.0
鼻,はな,鼻子,-1.2,1,1,0,88.0
行楽地,こうらくち,景点，游览地,3.8,6,3,3,88.0
お宅,おたく,您的家，贵府，贵公司；（オタク）专注于爱好和其他兴趣，不喜欢社交的人，御宅族,-1.2,1,1,0,87.0
お粥,おかゆ,粥，稀饭,-1.2,1,1,0,87.0
事務所,じむしょ,事务所，办事处,-1.2,1,1,0,87.0
人形,にんぎょう,玩偶，人偶,-1.2,1,1,0,87.0
会議,かいぎ,会议,-1.2,1,1,0,87.0
会議室,かいぎしつ,会议室,-1.2,1,1,0,87.0
作品,さくひん,作品，创作，著作，艺术制品,-1.2,1,1,0,87.0
倒産,とうさん,倒闭，破产,-1.2,1,1,0,87.0
値段,ねだん,价格,-1.2,1,1,0,87.0
内,うち,内部；我（们）的；(うち）时候,-1.2,1,1,0,87.0
出来るだけ,できるだけ,尽量地；尽可能地,-1.2,1,1,0,87.0
卒業,そつぎょう,卒业,-1.2,1,1,0,87.0
合格,ごうかく,及格，考上；合格,-1.2,1,1,0,87.0
品物,しなもの,商品,-1.2,1,1,0,87.0
回る,まわる,旋转,-1.2,1,1,0,87.0
報告,ほうこく,报告，汇报,-1.2,1,1,0,87.0
場所,ばしょ,场所，地方,-1.2,1,1,0,87.0
壁,かべ,墙壁；障碍，隔阂,-1.2,1,1,0,87.0
季節,きせつ,季节,-1.2,1,1,0,87.0
寝坊,ねぼう,睡懒觉（的人）,-1.2,1,1,0,87.0
専門,せんもん,专业，专门,-1.2,1,1,0,87.0
将来,しょうらい,将来,-1.2,1,1,0,87.0
店員,てんいん,店员,-1.2,1,1,0,87.0
引き出し,ひきだし,抽屉；提取,-1.2,1,1,0,87.0
形,かたち,形状；样式；形式,-1.2,1,1,0,87.0
役に立つ,やくにたつ,有用处，有帮助,-1.2,1,1,0,87.0
必ず,かならず,一定，必定,-1.2,1,1,0,87.0
怪我,けが,伤，受伤，负伤；过错，过失,-1.2,1,1,0,87.0
手伝う,てつだう,帮忙，帮助,-1.2,1,1,0,87.0
払う,はらう,支付；拂去,-1.2,1,1,0,87.0
指,ゆび,手指，脚趾,-1.2,1,1,0,87.0
挙げる,あげる,逮捕；举证，检举；举行（仪式）；举例，列举；扬名出名；尽力全拿出来；开始战争,-1.2,1,1,0,87.0
挨拶,あいさつ,问候，寒暄；致辞,-1.2,1,1,0,87.0
捨てる,すてる,扔掉；抛弃,-1.2,1,1,0,87.0
操作,そうさ,操纵（机器等）操作驾驶；设法安排筹措窜改（帐簿）,-1.2,1,1,0,87.0
数学,すうがく,数学,-1.2,1,1,0,87.0
料金,りょうきん,使用费,-1.2,1,1,0,87.0
旅館,りょかん,日式宾馆,-1.2,1,1,0,87.0
林,はやし,林，树林，树丛；林，林立；林(姓氏),-1.2,1,1,0,87.0
機械,きかい,机械，机器,-1.2,1,1,0,87.0
止める,とめる,停止，停下,-1.2,1,1,0,87.0
水泳,すいえい,游泳,-1.2,1,1,0,87.0
決まる,きまる,决定，规定,-1.2,1,1,0,87.0
治る,なおる,病愈，痊愈,-1.2,1,1,0,87.0
渇く,かわく,渴，干渴；渴望，内心的要求,-1.2,1,1,0,87.0
渋滞,じゅうたい,堵车，停滞不前,-1.2,1,1,0,87.0
熱,ねつ,热度；发烧,-1.2,1,1,0,87.0
用,よう,事情；用途，……用,-1.2,1,1,0,87.0
男性,だんせい,男性,-1.2,1,1,0,87.0
発言,はつげん,发言,-1.2,1,1,0,87.0
真面目,まじめ,认真；老实,-1.2,1,1,0,87.0
知らせる,しらせる,通知,-1.2,1,1,0,87.0
研究,けんきゅう,研究,-1.2,1,1,0,87.0
笑う,わらう,笑；嘲笑,-1.2,1,1,0,87.0
簡単,かんたん,简单，简便,-1.2,1,1,0,87.0
給料,きゅうりょう,工资，薪水,-1.2,1,1,0,87.0
編み物,あみもの,编织物品,-1.2,1,1,0,87.0
美術館,びじゅつかん,美术馆,-1.2,1,1,0,87.0
習慣,しゅうかん,习惯；风俗,-1.2,1,1,0,87.0
苦い,にがい,（味道）苦的；痛苦的,-1.2,1,1,0,87.0
落とす,おとす,使落下；遗失；弄掉,-1.2,1,1,0,87.0
複雑,ふくざつ,复杂,-1.2,1,1,0,87.0
親切,しんせつ,亲切，热情,-1.2,1,1,0,87.0
触る,さわる,碰触，接触,-1.2,1,1,0,87.0
調べる,しらべる,调查,-1.2,1,1,0,87.0
趣味,しゅみ,爱好,-1.2,1,1,0,87.0
足りる,たりる,够，足够,-1.2,1,1,0,87.0
通り,とおり,大街，马路；来往；流通；一样，同样,-1.2,1,1,0,87.0
通る,とおる,通过，走过，穿过；合格；得到承认,-1.2,1,1,0,87.0
連絡,れんらく,联系，联络,-1.2,1,1,0,87.0
運ぶ,はこぶ,搬运，运送,-1.2,1,1,0,87.0
運転,うんてん,驾驶；操作,-1.2,1,1,0,87.0
過ぎる,すぎる,经过；超过；过分,-1.2,1,1,0,87.0
都合,つごう,方便（与否）；情况,-1.2,1,1,0,87.0
間,あいだ,（两个事物的）中间；时间段；人与人的关系,-1.2,1,1,0,87.0
随分,ずいぶん,相当，很；不像话，过分,-1.2,1,1,0,87.0
食事,しょくじ,吃饭，进餐,-1.2,1,1,0,87.0
高速道路,こうそくどうろ,高速公路,-1.2,1,1,0,87.0
あいさつ回り,あいさつまわり,寒暄，拜访,-1.2,1,1,0,86.0
お別れ,おわかれ,分手，分别,-1.2,1,1,0,86.0
お大事に,おだいじに,请多保重,-1.2,1,1,0,86.0
お店,おみせ,商店，小店,-1.2,1,1,0,86.0
お正月,おしょうがつ,新年，过年,-1.2,1,1,0,86.0
お汁粉,おしるこ,红豆年糕汤,-1.2,1,1,0,86.0
お辞儀,おじぎ,行礼，敬礼，鞠躬指低下头寒暄；推辞客气，谢绝,-1.2,1,1,0,86.0
お風呂,おふろ,澡堂，浴室,-1.2,1,1,0,86.0
こちらこそ,こちらこそ,彼此彼此，哪里哪里，我才要请您...,-1.2,1,1,0,86.0
ご馳走,ごちそう,款待，宴请；好吃的食物高档的酒菜酒席,-1.2,1,1,0,86.0
ちゃんと,ちゃんと,整齐；好好地,-1.2,1,1,0,86.0
つい,つい,相隔不远，就在眼前；不知不觉（地），无意中；不由得，不禁,-1.2,1,1,0,86.0
とうとう,とうとう,终于，终究,-1.2,1,1,0,86.0
クーラー,くーらー,cooler冷气设备；冷却器；冷凝器；冷却剂，空调；（钓鱼等）携带式冰箱,-1.2,1,1,0,86.0
コース,こーす,course道路，路线；跑道；泳道；球路；课程，学科；（上菜的）程序，顺序；方针,-1.2,1,1,0,86.0
シンプル,しんぷる,单纯，简单；质朴；朴素,-1.2,1,1,0,86.0
シーズン,しーずん,season 季节；旺季,-1.2,1,1,0,86.0
ジャスミン茶,じゃすみんちゃ,茉莉花茶,-1.2,1,1,0,86.0
スケッチ,すけっち,sketch草图，画稿，略图，素描；写生（画），速写（画）；描述性小曲,-1.2,1,1,0,86.0
デザイン,でざいん,design 设计（图）；（制作）图案,-1.2,1,1,0,86.0
ドライブ,どらいぶ,drive开汽车远游，兜风；旋转球；驱动,-1.2,1,1,0,86.0
ドラマ,どらま,戏，戏剧；剧本；戏曲，戏剧文学,-1.2,1,1,0,86.0
ハンサム,はんさむ,handsome，美男子；有风度（的男人）,-1.2,1,1,0,86.0
パイロット,ぱいろっと,"pilot〈船〉领港员,领航员,引水员；〈空〉飞行员,飞机驾驶员舵手；领航员；飞行员",-1.2,1,1,0,86.0
ベンチ,べんち,bench长凳；棒球领队，选手的席位,-1.2,1,1,0,86.0
ボーリング,ぼーりんぐ,boring镗孔，打眼，钻孔；钻探为了进行地质调查及开采地下资源，往地下打一个深的细孔；bowling保龄球,-1.2,1,1,0,86.0
一人暮らし,ひとりぐらし,单身生活，一个人过日子，独居,-1.2,1,1,0,86.0
上級者,じょうきゅうしゃ,级别高的人；熟练者,-1.2,1,1,0,86.0
下ろす,おろす,（从高处）放下；弄下；取下，拿下；降下，落下；扎（根）；伸展；剪下，砍下（树枝）；落（发），剃掉（头发）；提取，取出（存款）；开始使用，初次用（新东西）；卸下（货物）；让……下车（船、飞机等）；卸（任），退（位）；辞（职）；磨碎，擦碎；排出体外；堕胎.；撤下,-1.2,1,1,0,86.0
交通量,こうつうりょう,交通量，通行量,-1.2,1,1,0,86.0
会費,かいひ,会费,-1.2,1,1,0,86.0
似合う,にあう,合适，般配,-1.2,1,1,0,86.0
何歳,なんさい,几岁，多大年纪,-1.2,1,1,0,86.0
優勝,ゆうしょう,最优秀；取得第一名；夺冠；冠军,-1.2,1,1,0,86.0
写真展,しゃしんてん,摄影展，照片展览会,-1.2,1,1,0,86.0
出迎え,でむかえ,（でむかえる名词形）迎接，迎接的人,-1.2,1,1,0,86.0
初詣,はつもうで,新年第一次参拜神社,-1.2,1,1,0,86.0
別荘,べっそう,别墅，园林住宅,-1.2,1,1,0,86.0
割引,わりびき,打折，折扣，减价；贴现,-1.2,1,1,0,86.0
北海道,ほっかいどう,北海道,-1.2,1,1,0,86.0
半額,はんがく,半价,-1.2,1,1,0,86.0
卒業式,そつぎょうしき,毕业典礼,-1.2,1,1,0,86.0
向日葵,ひまわり,向日葵，葵花，朝阳花,-1.2,1,1,0,86.0
地味,じみ,服装、打扮、性格等朴素，不华美；性质、思考方式、生活态度等比较低调、不显眼，质朴，没有什么修饰踏实,-1.2,1,1,0,86.0
居酒屋,いざかや,小酒馆；酒铺,-1.2,1,1,0,86.0
居間,いま,起居室，起座间,-1.2,1,1,0,86.0
展示場,てんじじょう,展览会，展览的地方,-1.2,1,1,0,86.0
布,ぬの,布。织物的总称，在日本旧时与丝绸相对指用麻、葛等纤维织成的物品后进一步包括棉花，进而成为亦包括丝绸再被的所有织物的总称；在建筑中表示水平，横的意思,-1.2,1,1,0,86.0
平日,へいじつ,平常日；非节假日,-1.2,1,1,0,86.0
年間,ねんかん,年间，年代；一年,-1.2,1,1,0,86.0
建築家,けんちくか,建筑师,-1.2,1,1,0,86.0
恋人,こいびと,情人，意中人，（恋爱）对象,-1.2,1,1,0,86.0
感謝,かんしゃ,感谢,-1.2,1,1,0,86.0
慌てる,あわてる,惊慌，着慌，慌张；急急忙忙，急忙,-1.2,1,1,0,86.0
手作り,てづくり,自己做，手制,-1.2,1,1,0,86.0
手帳,てちょう,笔记本，手册,-1.2,1,1,0,86.0
打ち合わせ,うちあわせ,商量，磋商；碰头,-1.2,1,1,0,86.0
握手,あくしゅ,握手；和好，合作，妥协,-1.2,1,1,0,86.0
故郷,こきょう,故乡，家乡，老家，出生地；原籍；衣锦还乡,-1.2,1,1,0,86.0
教授,きょうじゅ,教，教授，教学，讲授；教授,-1.2,1,1,0,86.0
旅行会社,りょこうがいしゃ,旅行社,-1.2,1,1,0,86.0
日本酒,にほんしゅ,清酒，日本酒,-1.2,1,1,0,86.0
更に,さらに,更，更加，更进一步；并且，还；再，重新；丝毫，一点（也不）,-1.2,1,1,0,86.0
期間,きかん,期间；期限,-1.2,1,1,0,86.0
模様,もよう,花样；花，花纹；图案；情况，情形；样子；征兆，动静，趋势,-1.2,1,1,0,86.0
歌手,かしゅ,歌手，歌唱家,-1.2,1,1,0,86.0
気に入る,きにいる,称心，称意，中意；喜爱，喜欢,-1.2,1,1,0,86.0
派手,はで,（穿着打扮、样式、色调等）花哨，鲜艳，艳丽，华丽；（态度、行为等）夸张，浮华，讲阔气,-1.2,1,1,0,86.0
火気厳禁,かきげんきん,严禁烟火,-1.2,1,1,0,86.0
片づける,かたづける,清理，整理杂物；放乱的东西收拾好；解决问题；除掉叛徒，清理门户,-1.2,1,1,0,86.0
生地,きじ,本来面目，本色，素质；质地;布料，衣料；素胎，坯子,-1.2,1,1,0,86.0
申込書,もうしこみしょ,申请表，申请书,-1.2,1,1,0,86.0
相手,あいて,伙伴；对方；（竞争）对手,-1.2,1,1,0,86.0
睡眠,すいみん,睡眠，睡觉；休眠，停止活动,-1.2,1,1,0,86.0
研修,けんしゅう,进修钻研，研习,-1.2,1,1,0,86.0
禁煙,きんえん,禁止吸烟；戒烟,-1.2,1,1,0,86.0
立入禁止,たちいりきんし,禁止进入,-1.2,1,1,0,86.0
紅葉,もみじ,（树叶秋天）变红；红叶，枫叶。；槭树，枫树；鹿肉的别称,-1.2,1,1,0,86.0
結ぶ,むすぶ,系，结；结合，系结，连结；建立关系；结合；结成；结盟；勾结；缔结；结束；结尾；扎起来；绑起来,-1.2,1,1,0,86.0
結婚式,けっこんしき,结婚仪式，结婚典礼,-1.2,1,1,0,86.0
絵本,えほん,绘本，图画书,-1.2,1,1,0,86.0
緑茶,りょくちゃ,绿茶日本有玉露、粉茶、粗茶等,-1.2,1,1,0,86.0
肉じゃが,にくじゃが,日式土豆炖牛肉,-1.2,1,1,0,86.0
胡弓,こきゅう,胡琴,-1.2,1,1,0,86.0
航空会社,こうくうがいしゃ,航空公司,-1.2,1,1,0,86.0
船便,ふなびん,通航，通船，便船船舶的班次；海运，海上运输，用船邮寄,-1.2,1,1,0,86.0
色鉛筆,いろえんぴつ,彩色铅笔笔芯带颜色的铅笔,-1.2,1,1,0,86.0
苦手,にがて,不善于；难对付，棘手,-1.2,1,1,0,86.0
薬局,やっきょく,医院的药房，取药处；药剂师开的药房药铺,-1.2,1,1,0,86.0
観光客,かんこうきゃく,游客，游人,-1.2,1,1,0,86.0
記事,きじ,消息，报道，报导,-1.2,1,1,0,86.0
設計,せっけい,设计规划；（一般指）计划指定计划规划,-1.2,1,1,0,86.0
転ぶ,ころぶ,滚，滚转；倒下，跌倒；趋势发展，事态变化；（江户时代信奉耶稣教的人受镇压而）改信佛教；转向,-1.2,1,1,0,86.0
遅刻,ちこく,迟到,-1.2,1,1,0,86.0
革,かわ,皮革,-1.2,1,1,0,86.0
駐車禁止,ちゅうしゃきんし,禁止停车,-1.2,1,1,0,86.0
高級,こうきゅう,高，高级高，上等,-1.2,1,1,0,86.0
お皿,おさら,盘子,-1.1,1,1,0,85.0
ガレージ,がれーじ,garage汽车房，汽车库，车库,-1.1,1,1,0,85.0
バーゲン,ばーげん,bargain廉价出售，大甩卖,-1.1,1,1,0,85.0
ユニーク,ゆにーく,unique独特；独一无二,-1.1,1,1,0,85.0
交通機関,こうつうきかん,交通机关，交通工具,-1.1,1,1,0,85.0
入場料,にゅうじょうりょう,入场费,-1.1,1,1,0,85.0
厳重,げんじゅう,严重，严格，严厉；严肃，庄重,-1.1,1,1,0,85.0
彫刻,ちょうこく,雕刻,-1.1,1,1,0,85.0
明後日,あさって,后天,-1.1,1,1,0,85.0
インターネット,いんたーねっと,Internet因特网,2.0999999999999996,3,2,1,83.0
信号,しんごう,信号；红绿灯,2.0999999999999996,3,2,1,83.0
中止,ちゅうし,中止，取消,2.0999999999999996,3,2,1,82.0
仕舞う,しまう,整理，收拾起来，放起来把东西收放到该放的地方；做完，搞完，干完，亦指结束终了，完了；「～てしまう」完了，光了，尽了 （补助动词）表示该动作全部结束或该状态完成往往表示某事的非志愿发生；关闭，停业,2.0999999999999996,3,2,1,82.0
在庫,ざいこ,库存；存货,2.0999999999999996,3,2,1,82.0
変,へん,奇怪，异常,2.0999999999999996,3,2,1,82.0
家具,かぐ,家具,2.0999999999999996,3,2,1,82.0
止まる,とまる,停，止住,2.0999999999999996,3,2,1,82.0
残る,のこる,剩下，留下,2.0999999999999996,3,2,1,82.0
見つける,みつける,找到，发现,2.0999999999999996,3,2,1,82.0
頼む,たのむ,请求，托付；依靠,2.0999999999999996,3,2,1,82.0
休憩,きゅうけい,休息，歇,2.0999999999999996,3,2,1,81.0
卵焼き,たまごやき,煎鸡蛋；（煎鸡蛋用）方形有柄煎锅,2.0999999999999996,3,2,1,81.0
完全,かんぜん,完全；完整；完善，完美；圆满,2.0999999999999996,3,2,1,81.0
拾う,ひろう,拾，捡；打出租车,2.0999999999999996,3,2,1,81.0
紹介,しょうかい,介绍,2.0999999999999996,3,2,1,81.0
訪ねる,たずねる,访问，拜访,2.0999999999999996,3,2,1,81.0
近所,きんじょ,近处，附近,2.0999999999999996,3,2,1,81.0
集まる,あつまる,汇集，集合,2.0999999999999996,3,2,1,81.0
飾る,かざる,装饰，装点,2.0999999999999996,3,2,1,81.0
ネックレス,ねっくれす,necklace，项链装饰颈部到胸口的带状装饰品广义上也包括耳环、项链挂件,2.0999999999999996,3,2,1,80.0
マフラー,まふらー,muffler围巾；消声器，减音器,2.0999999999999996,3,2,1,80.0
大人,おとな,成人，大人,2.0999999999999996,3,2,1,80.0
日常会話,にちじょうかいわ,日常会话,2.0999999999999996,3,2,1,80.0
歓迎,かんげい,欢迎；款待,2.0999999999999996,3,2,1,80.0
生産コスト,せいさんこすと,生产成本.,2.0999999999999996,3,2,1,80.0
預ける,あずける,托付，寄存，寄放，交给将某人或钱物放在别人身边，请其代为照顾或保管；委托，交给委以管理和经营的责任；存钱；倚靠别人，靠把身体靠在别人身上；由别人定把纠纷交给别人解决或把胜负交给别人决定,2.0999999999999996,3,2,1,80.0
交通事故,こうつうじこ,车祸，交通事故,2.1999999999999997,3,2,1,80.0
上げる,あげる,举高；提高,2.0999999999999996,3,2,1,79.0
工場,こうじょう,工厂,2.0999999999999996,3,2,1,79.0
記念品,きねんひん,纪念品,2.0999999999999996,3,2,1,79.0
読む,よむ,读,2.0999999999999996,3,2,1,79.0
曲,きょく,曲调，曲子；歪曲；趣味，风趣,2.1999999999999997,3,2,1,79.0
説明,せつめい,说明,0,0,0,0,78.0
プレゼント,ぷれぜんと,赠送礼物，礼品，赠品，礼物，送礼,2.0999999999999996,3,2,1,78.0
住所,じゅうしょ,住所,2.0999999999999996,3,2,1,78.0
出身,しゅっしん,出生在……，来自……；籍贯；出身，毕业来自某一学校、行业、团体等,2.0999999999999996,3,2,1,78.0
戦争,せんそう,战争,2.0999999999999996,3,2,1,78.0
発表会,はっぴょうかい,发表会,2.0999999999999996,3,2,1,78.0
相談,そうだん,咨询，相谈,2.0999999999999996,3,2,1,78.0
稼ぐ,かせぐ,（为赚钱而）拼命地劳动；赚钱，挣钱；争取，获得,2.0999999999999996,3,2,1,78.0
説明,せつめい,说明，解释,2.0999999999999996,3,2,1,78.0
件,けん,件（计算事物的数量）事，事情，事件,2.0999999999999996,3,2,1,77.0
新聞紙,しんぶんし,报纸；旧报纸，废报纸,2.0999999999999996,3,2,1,77.0
申請,しんせい,申请，声请,2.1999999999999997,3,2,1,77.0
割れる,われる,破，破碎；破裂，分裂；裂开；暴露；除尽,3.8,4,2,2,65.0
最後,さいご,最后,3.8,4,2,2,65.0
止む,やむ,停止，中止,3.8,4,2,2,65.0
割る,わる,分，割；打坏，弄碎；兑水；除法,3.8,4,2,2,64.0
流行,りゅうこう,流行，时兴，时尚，时髦；蔓延,3.8,4,2,2,64.0
行う,おこなう,举行，进行,3.8,4,2,2,64.0
宣伝,せんでん,宣扬，散布；吹嘘,3.8,4,2,2,63.0
新型,しんがた,新型；新式,4,4,2,2,63.0
トランク,とらんく,trunk手提箱，皮箱；汽车后部的行李箱,6.3,4,1,3,34.0
噂,うわさ,谈论，闲话，谣传，传闻；传说，风声，风言风语,6.3,4,1,3,34.0
餃子,ぎょうざ,饺子,6.3,4,1,3,34.0
Ｔシャツ,てぃーしゃつ,T恤,6.4,4,1,3,34.0
お祖母さん,おばあさん,"[] 祖母,奶奶『口』; 外祖母,外婆,姥姥『口』.；〔敬称〕老太太,老奶奶『口』.",5.5,3,1,2,33.0
一生懸命,いっしょうけんめい,拼命，努力,5.5,3,1,2,33.0
作る,つくる,制作，做,5.5,3,1,2,33.0
出す,だす,取出，拿出,5.5,3,1,2,33.0
大使館,たいしかん,大使馆,5.5,3,1,2,33.0
撮る,とる,照相，摄像,5.5,3,1,2,33.0
聞く,きく,听，问,5.5,3,1,2,33.0
カタログ,かたろぐ,（catalogue）目录，商品目录，商品说明书；样本,5.5,3,1,2,32.0
動物園,どうぶつえん,动物园,5.5,3,1,2,32.0
豊か,ゆたか,物质上丰富；富裕，充裕，宽裕；充实，精神上的丰富；丰盈，丰满；足够，十足,5.5,3,1,2,32.0
グラウンド,ぐらうんど,ground运动场，（棒）球场，操场，广场，竞技场,5.6,3,1,2,32.0
得意,とくい,擅长，拿手,5.5,3,1,2,31.0
煙突,えんとつ,"烟筒,烟囱；计程车司机间的隐语，指挂着空车的牌子接载客人，以此赚取额外的收入这种不正当的行为",5.7,3,1,2,31.0
する,する,做,6.7,3,1,2,31.0
ご飯,ごはん,米饭；吃饭,8,3,0,3,14.0
姉,あね,（自己的）姐姐；嫂子,8,3,0,3,14.0
テープ,てーぷ,带。细长带状物的总称。；终点线的纸带〔细绳〕,9,3,0,3,14.0
新鮮,しんせん,新鲜，鲜活,10,3,0,3,14.0
小学生,しょうがくせい,小学生,15,3,0,3,14.0
この前,このまえ,最近，之前；上次,23,3,0,3,14.0
並べる,ならべる,排列，摆放,25,3,0,3,14.0
今月,こんげつ,这个月,25,3,0,3,14.0
お爺さん,おじいさん,爷爷，祖父,26,3,0,3,14.0
晴れる,はれる,天气放晴；心情愉快,27,3,0,3,14.0
最初,さいしょ,最初,27,3,0,3,14.0
段段,だんだん,楼梯，台阶；一样一样，一桩一桩，一条条；渐渐,31,3,0,3,14.0
祝う,いわう,祝贺；送贺礼；祝愿，祝福,32,3,0,3,14.0
漢字,かんじ,汉字,33,3,0,3,14.0
砂糖,さとう,砂糖,33,3,0,3,14.0
貼る,はる,贴，张贴,33,3,0,3,14.0
有料,ゆうりょう,收费，需付费,8,3,0,3,13.0
あちこち,あちこち,这边那边，到处,11,3,0,3,13.0
そう言えば,そういえば,说起来，对了；附带；顺便说,11,3,0,3,13.0
オリンピック,おりんぴっく,Olympic奥林匹克运动会，奥运会,11,3,0,3,13.0
論文,ろんぶん,论文,12,3,0,3,13.0
焼く,やく,烤；烧,13,3,0,3,13.0
高校,こうこう,高校,15,3,0,3,13.0
若し,もし,要，要是，如果，假如；假设，倘若,16,3,0,3,13.0
横断,おうだん,横断；横渡,17,3,0,3,13.0
踊る,おどる,跳舞,17,3,0,3,13.0
バスケットボール,ばすけっとぼーる,（Basketball）篮球,21,3,0,3,13.0
事,こと,事情,22,3,0,3,13.0
へえ,へえ,（惊讶）哦，嘿,23,3,0,3,13.0
反対,はんたい,相反；反对,23,3,0,3,13.0
利用,りよう,利用，使用,24,3,0,3,13.0
葉,は,叶子,26,3,0,3,13.0
読書,どくしょ,看书，读书,27,3,0,3,13.0
ご主人,ごしゅじん,（称呼别人丈夫时候的尊敬表达）您丈夫，您先生,28,3,0,3,13.0
アルバイト,あるばいと,[德]Arbeit打工。一边进行学业或从事本职工作一边做副业劳动，亦指这样的劳动者；学术成就，学术成果，学问上的业绩,28,3,0,3,13.0
必要,ひつよう,必要，必要的,29,3,0,3,13.0
こんなに,こんなに,这样，这么，如此,30,3,0,3,13.0
マーク,まーく,mark（划）记号，符号，（打）印记，（做）标记.；商标；标签，标志（レッテル）徽章；特别留意，盯人，看人，尾随；（体育竞赛中）创造记录,30,3,0,3,13.0
包む,つつむ,包；包围，笼罩,30,3,0,3,13.0
可笑しい,おかしい,可笑的，滑稽的，奇怪的，可疑的,31,3,0,3,13.0
今回,こんかい,这次，这回,33,3,0,3,13.0
宝くじ,たからくじ,彩票,35,3,0,3,13.0
引っ越し,ひっこし,搬家,9,3,0,3,12.0
優秀,ゆうしゅう,优秀；优秀，比其他更好,10,3,0,3,12.0
ゴーカート,ごーかーと,go-cart（游乐园里的）游戏汽车，卡丁车,11,3,0,3,12.0
ハサミ,はさみ,剪刀；检票钳；猜拳中的“剪刀”；螃蟹，蝎子的螯,11,3,0,3,12.0
部,ぶ,（组织部门）……部；（书、报等）……份；部分,11,3,0,3,12.0
ビタミン剤,びたみんざい,维生素制剂医药用维生素制剂用于预防和治疗维生素缺乏症有单一制剂、复合制剂及含有主要维生素的综合制剂等,13,3,0,3,12.0
フライパン,ふらいぱん,frypan长柄平锅，扁锅，平底炒菜锅，煎锅,13,3,0,3,12.0
中古,ちゅうこ,二手，半旧，半新,13,3,0,3,12.0
テレビゲーム,てれびげーむ,television games电视游戏，电子游戏,15,3,0,3,12.0
乾杯,かんぱい,干杯,15,3,0,3,12.0
企画書,きかくしょ,计划书，企划书,15,3,0,3,12.0
腐る,くさる,腐烂；腐朽；悲观失望；堕落；带有咒骂他人动作的语气的用语,16,3,0,3,12.0
効く,きく,有效，见效，起作用显现出某物的作用、效果,17,3,0,3,12.0
スピーチ,すぴーち,speech讲话，演说，致词,19,3,0,3,12.0
訪問,ほうもん,访问，来访；拜访,19,3,0,3,12.0
スピード,すぴーど,speed快速，迅速；速度,20,3,0,3,12.0
営業,えいぎょう,营业，经商,20,3,0,3,12.0
最高,さいこう,最高；最好,20,3,0,3,12.0
部品,ぶひん,零部件，零件，部件,21,3,0,3,12.0
藤,ふじ,紫藤,26,3,0,3,12.0
グラフ,ぐらふ,graph图表，图解，座标图；画报，照片,27,3,0,3,12.0
凧,たこ,风筝,27,3,0,3,12.0
関西弁,かんさいべん,关西腔，关西话，关西方言,28,3,0,3,12.0
ホームパーティー,ほーむぱーてぃー,家庭聚会,29,3,0,3,12.0
行き,いき,去，往,29,3,0,3,12.0
いただきます,いただきます,开始用餐；接受、领受,31,3,0,3,12.0
企画,きかく,规划，计划；规划，计划,31,3,0,3,12.0
スポーツセンター,すぽーつせんたー,sports center(可以进行各种体育活动和比赛的)体育中心(设施)，大型体育馆,32,3,0,3,12.0
マラソン,まらそん,Marathon 马拉松，田径比赛项目之一长距离赛跑及耐久比赛的俗称又指干一件事需花费长时间；Malathon 马拉硫磷一种有机磷类杀虫剂,32,3,0,3,12.0
たくさん,たくさん,许多，相当多,8,2,0,2,11.0
メール,めーる,mail邮政；邮件，短信,12,2,0,2,11.0
もう,もう,已经；马上；再,13,2,0,2,11.0
詩,し,诗，诗歌文学体裁之一，通过与有一定韵律等的语言凝练地抒发美的激情，近代盛行自由诗和散文诗；诗比喻能够动人心弦、陶冶情操的作品，亦指具有诗趣的意境；（与和歌、俳句相对而言）汉诗,13,3,0,3,11.0
此の儘,このまま,就这样,14,3,0,3,11.0
箸,はし,筷子,16,2,0,2,11.0
食べる,たべる,吃,16,2,0,2,11.0
では,では,那么，那样的话,17,2,0,2,11.0
航空便,こうくうびん,航空邮件；乘飞机前往；班机,17,2,0,2,11.0
風,かぜ,风,17,2,0,2,11.0
先,さき,动作所及的对象或地点,18,2,0,2,11.0
紙,かみ,纸,18,2,0,2,11.0
じゃあ,じゃあ,那么,20,2,0,2,11.0
入れる,いれる,放入,20,2,0,2,11.0
名前,なまえ,名字,21,2,0,2,11.0
チョコレート,ちょこれーと,chocolate巧克力,22,2,0,2,11.0
飲む,のむ,喝,22,2,0,2,11.0
天気,てんき,天气；晴天,23,2,0,2,11.0
料理,りょうり,料理,23,2,0,2,11.0
薬,くすり,药，药品,24,2,0,2,11.0
見る,みる,看,26,2,0,2,11.0
食べ物,たべもの,食物，食品,26,2,0,2,11.0
山,やま,山,27,2,0,2,11.0
すき焼き,すきやき,寿喜烧，日式牛肉火锅,29,2,0,2,11.0
水,みず,水,29,2,0,2,11.0
ニュース,にゅーす,news.消息，新闻；［通过媒体的］报道；新鲜事，新闻，稀奇事,31,2,0,2,11.0
海,うみ,大海，海洋,31,2,0,2,11.0
アイスクリーム,あいすくりーむ,ice cream冰激凌，冰淇林，冰糕，雪糕『方』,32,2,0,2,11.0
賞,しょう,赏奖奖赏；奖品；奖金,33,3,0,3,11.0
スプーン,すぷーん,spoon汤匙，勺子，调羹；鱼饵（金属制）；高尔夫球的3号木杆的俗称,35,2,0,2,11.0
花,はな,花,35,2,0,2,11.0
鳥,とり,鸟；鸡,35,2,0,2,11.0
それに,それに,而且，还有,8,2,0,2,10.0
パンダ,ぱんだ,panda熊猫,8,2,0,2,10.0
日記,にっき,日记,10,2,0,2,10.0
普通,ふつう,普通，一般,12,2,0,2,10.0
通う,かよう,来往，往返,12,2,0,2,10.0
忘れ物,わすれもの,遗忘的东西，遗失品,17,2,0,2,10.0
韓国語,かんこくご,韩语,18,2,0,2,10.0
前に,まえに,提前，事先。；表示B项行为发生在A项行为之前。可译为汉语的“……之前”。 （名词+の、动词原形+前に）；注：“～前”还可以用于表示空间，“……前面”。；……的前面、……前；……之前、……前；面对……、面临……,19,2,0,2,10.0
気持ち,きもち,心情，情绪；感觉；舒适（与否）,20,2,0,2,10.0
さっき,さっき,刚才，方才,22,2,0,2,10.0
ファックス,ふぁっくす,传真,26,2,0,2,10.0
グラス,ぐらす,glass玻璃杯；玻璃；眼镜,27,2,0,2,10.0
此れから,これから,从现在起，今后，从这里起，从今以后,28,2,0,2,10.0
発音,はつおん,发音,34,2,0,2,10.0
もう一度,もういちど,再次,8,2,0,2,9.0
陳,ちん,陈（姓氏）,8,2,0,2,9.0
電話番号,でんわばんごう,电话号码,8,2,0,2,9.0
下さい,ください,请给（我）；请……,10,2,0,2,9.0
只今,ただいま,现在当前，目前眼下，眼前；马上，立刻这就，比现在稍过一会儿后；刚才，刚刚不久之前的时刻；（从外面回到家里时的招呼语）我回来了，常与「おかえり（欢迎回来）」成对使用，属日常寒暄语,10,2,0,2,9.0
お帰りなさい,おかえりなさい,欢迎回家,15,2,0,2,9.0
お客様,おきゃくさま,来宾，顾客,16,2,0,2,9.0
別に,べつに,并（不）,17,2,0,2,9.0
行ってらっしゃい,いってらっしゃい,用于主人对客人临走时用语或者顾客临离开商店、餐馆、宾馆时店主对客人用语相当于汉语的“欢迎再来”、“路上小心”,17,2,0,2,9.0
北京ダック,ぺきんだっく,北京烤鸭,18,2,0,2,9.0
孫,まご,孙子，孙女；外孙子，外孙女；隔代，隔辈；间接,18,2,0,2,9.0
係,かかり,负责人,20,2,0,2,9.0
四川料理,しせんりょうり,四川菜，川菜,20,2,0,2,9.0
お願いします,おねがいします,请求；拜托；请,21,2,0,2,9.0
どう,どう,怎么样,21,2,0,2,9.0
チケット,ちけっと,ticket票，券，饭票，车票，入场券，机票,21,2,0,2,9.0
素敵,すてき,极好，绝妙，非常好的，极漂亮地,22,2,0,2,9.0
いらっしゃいませ,いらっしゃいませ,欢迎光临,23,2,0,2,9.0
パンフレット,ぱんふれっと,(英) pamphlet，小册子；场刊，宣传册,26,2,0,2,9.0
いってきます,いってきます,出门了；我走了,28,2,0,2,9.0
叩く,たたく,敲（主要用手指）；叩（用拳头）；打（用力）；拍（用手掌轻轻地）；捶，擂；打，敲打；询问；征求；拍手，鼓掌，击掌；攻击；驳斥；压价，还价,33,2,0,2,9.0
たった今,たったいま,刚才，刚刚；马上，立刻,34,2,0,2,9.0
写真集,しゃしんしゅう,影集，写真集,34,2,0,2,9.0
ボールペン,ぼうるぺん,ballpen圆珠笔,35,2,0,2,9.0
ええ,ええ,（表示肯定、同意）嗯，诶；（表示疑问）啊？；（表示迟疑）嗯,8,1,0,1,8.0
これ,これ,（指代靠近说话者的事物）这个,8,1,0,1,8.0
クラス,くらす,等级，阶级，阶层；学年，年级，班级,8,1,0,1,8.0
コート,こーと,court球场；场地；coat上衣；外套，大衣；女短大衣,8,1,0,1,8.0
スーパー,すーぱー,超市「スーパーマーケット」的省略语；super超，上，高级，超级,8,1,0,1,8.0
ドア,どあ,(英) door; 门；扉,8,1,0,1,8.0
健康,けんこう,健康,8,1,0,1,8.0
全員,ぜんいん,全体成员,8,1,0,1,8.0
女,おんな,女性，女人,8,1,0,1,8.0
好き,すき,喜欢,8,1,0,1,8.0
幾ら,いくら,多少；无论怎么……（也）,8,1,0,1,8.0
建物,たてもの,建筑物，房屋,8,1,0,1,8.0
有名,ゆうめい,有名的,8,1,0,1,8.0
生まれる,うまれる,出生；产生，创立,8,1,0,1,8.0
緑,みどり,绿色,8,1,0,1,8.0
部屋,へや,房间,8,1,0,1,8.0
金曜日,きんようび,周五,8,1,0,1,8.0
高い,たかい,高的；贵的,8,1,0,1,8.0
魚,さかな,鱼，鱼类,8,1,0,1,8.0
バナナ,ばなな,banana〈植〉香蕉,9,1,0,1,8.0
両親,りょうしん,双亲，父母,9,1,0,1,8.0
又,また,另，别，他；又，再，还；也，亦；同时；也,9,1,0,1,8.0
地震,じしん,地震,9,1,0,1,8.0
成る,なる,做好；完成；组成；变成；到了某个阶段,9,1,0,1,8.0
朝ご飯,あさごはん,早饭,9,1,0,1,8.0
疲れる,つかれる,感到疲劳,9,1,0,1,8.0
シャワー,しゃわー,shower淋浴器,10,1,0,1,8.0
ハンカチ,はんかち,手帕。handkerchief「ハンカチーフ」的省略,10,1,0,1,8.0
会社,かいしゃ,公司,10,1,0,1,8.0
切手,きって,邮票,10,1,0,1,8.0
広い,ひろい,宽阔的；广泛的；宽广的,10,1,0,1,8.0
忘れる,わすれる,忘记,10,1,0,1,8.0
方,かた,……位，……人,10,1,0,1,8.0
昼ご飯,ひるごはん,午饭,10,1,0,1,8.0
蕎麦,そば,〈植〉荞麦；〈料理〉荞（麦）面条,10,1,0,1,8.0
買い物,かいもの,买东西；买的东西,10,1,0,1,8.0
ここ,ここ,（指代自己附近的事物）这里；（自己所指的地方）这里,11,1,0,1,8.0
そう,そう,（表示同意、肯定）对，嗯；（突然想到）啊；那样，那么,11,1,0,1,8.0
タバコ,たばこ,tobacco香烟汉字可写作“煙草”，“莨”,11,1,0,1,8.0
ボート,ぼーと,boat小船，小艇,11,1,0,1,8.0
レストラン,れすとらん,餐厅，西餐馆,11,1,0,1,8.0
人,ひと,人；某人；人品,11,1,0,1,8.0
何処,どこ,"(不定称，一般用假名)何处,哪",11,1,0,1,8.0
取る,とる,拿；获得,11,1,0,1,8.0
寿司,すし,酸饭团；寿司；醋拌生鱼片,11,1,0,1,8.0
小さい,ちいさい,小的；程度低的；年轻的,11,1,0,1,8.0
来年,らいねん,明年,11,1,0,1,8.0
種類,しゅるい,种类,11,1,0,1,8.0
赤,あか,红色；完全,11,1,0,1,8.0
迷う,まよう,迷，迷失；犹豫；迷恋,11,1,0,1,8.0
釣り,つり,钓鱼；「釣り銭」的省略，找回的钱,11,1,0,1,8.0
雨,あめ,雨，雨天,11,1,0,1,8.0
どうぞ,どうぞ,请,12,1,0,1,8.0
ラジオ,らじお,广播，无线电，无线电收音机；收音机；与其他词组合，表放射，无线,12,1,0,1,8.0
住む,すむ,居住,12,1,0,1,8.0
多い,おおい,多的,12,1,0,1,8.0
寮,りょう,宿舍；茶室；别墅,12,1,0,1,8.0
少し,すこし,很少，一点点,12,1,0,1,8.0
橋,はし,桥，桥梁,12,1,0,1,8.0
欲しい,ほしい,想要；（「…てほしい」）想要……做,12,1,0,1,8.0
母,はは,母，母亲，妈妈,12,1,0,1,8.0
肉,にく,肉，肉类,12,1,0,1,8.0
駄目,だめ,白费，无用，徒劳；无望；不行，不许，不可以；不好，坏；不行，不可能,12,1,0,1,8.0
あの,あの,（指代远处事物）那个；（指代自己和对方都知道的事物）那个,13,1,0,1,8.0
さん,さん,……先生，女士，同志，小，老；敬语,13,1,0,1,8.0
ゆっくり,ゆっくり,缓慢地；悠闲地，舒服地,13,1,0,1,8.0
兄,あに,（自己的）哥哥，姐夫,13,1,0,1,8.0
先輩,せんぱい,前辈；学长，学姐,13,1,0,1,8.0
大きな,おおきな,大的，巨大的；重大的，非常的,13,1,0,1,8.0
如何,どう,如何，怎样的；怎么样,13,1,0,1,8.0
日本語,にほんご,日语,13,1,0,1,8.0
早い,はやい,早的,13,1,0,1,8.0
良く,よく,善于，做得好；仔细；充分地；热情地；好好地，很好地；常常地；动不动就；表达困难的情况下也完成了，竟然,13,1,0,1,8.0
話す,はなす,说话，讲话,13,1,0,1,8.0
靴,くつ,鞋子,13,1,0,1,8.0
あっ,あっ,啊，呀，哎呀感动时或吃惊时发出的声音,14,1,0,1,8.0
いえ,いえ,不；不是,14,1,0,1,8.0
ううん,ううん,不，不是,14,1,0,1,8.0
ウイスキー,ういすきー,whisky威士忌酒洋酒的一种将大麦、黑麦、玉米等用麦芽酶糖化，加入酵母，发酵后蒸馏制成的洋酒,14,1,0,1,8.0
カメラ,かめら,camera照相机；摄影机，摄相机,14,1,0,1,8.0
チーズ,ちーず,cheese干酪，乳酪，起司,14,1,0,1,8.0
メモ,めも,memo笔记，记录；备忘录，便条,14,1,0,1,8.0
其方,そちら,您，您的家人。；那边，那个；指示在对方身边的人,14,1,0,1,8.0
図書館,としょかん,図書館，图书馆,14,1,0,1,8.0
夏,なつ,夏天，夏季,14,1,0,1,8.0
奥さん,おくさん,您妻子，夫人，太太,14,1,0,1,8.0
小さな,ちいさな,小，微小的,14,1,0,1,8.0
晩,ばん,夜晚，晚上,14,1,0,1,8.0
椅子,いす,椅子；地位,14,1,0,1,8.0
毎朝,まいあさ,每天早上,14,1,0,1,8.0
紅茶,こうちゃ,红茶,14,1,0,1,8.0
素晴らしい,すばらしい,出色的，优秀的，了不起的，极好的，绝佳的,14,1,0,1,8.0
ああ,ああ,（悲伤、快乐或惊讶时）啊，哎呀；（答应时）啊,15,1,0,1,8.0
ウーロン茶,うーろんちゃ,乌龙茶,15,1,0,1,8.0
カラオケ,からおけ,卡拉OK，KTV,15,1,0,1,8.0
デパート,でぱーと,department store百货商店，百货商场,15,1,0,1,8.0
人気,にんき,人气，受欢迎,15,1,0,1,8.0
便利,べんり,便利,15,1,0,1,8.0
土曜日,どようび,周六,15,1,0,1,8.0
大好き,だいすき,非常喜欢,15,1,0,1,8.0
弾く,ひく,（用手演奏乐器）弹,15,1,0,1,8.0
昼,ひる,白天；中午,15,1,0,1,8.0
自転車,じてんしゃ,自行车,15,1,0,1,8.0
誰,だれ,谁,15,1,0,1,8.0
風邪,かぜ,感冒,15,1,0,1,8.0
うん,うん,是，是的,16,1,0,1,8.0
さあ,さあ,（催促或邀请别人）快，喂；（犹豫或感到为难时）唉,16,1,0,1,8.0
そして,そして,于是，然后,16,1,0,1,8.0
コーヒー,こーひー,咖啡,16,1,0,1,8.0
プール,ぷーる,pool人造游泳池；堆放场，停放场；pool储备,16,1,0,1,8.0
今,いま,现在，当前；立刻,16,1,0,1,8.0
僕,ぼく,（男子自称）我,16,1,0,1,8.0
公園,こうえん,公园,16,1,0,1,8.0
売る,うる,卖,16,1,0,1,8.0
安い,やすい,便宜的,16,1,0,1,8.0
楽しい,たのしい,愉快的，快乐的,16,1,0,1,8.0
渡す,わたす,交，给；渡过,16,1,0,1,8.0
濃い,こい,（颜色）深的；浓的；密的,16,1,0,1,8.0
焼き鳥,やきとり,烤鸡肉串,16,1,0,1,8.0
熱い,あつい,热的，烫的,16,1,0,1,8.0
着る,きる,穿衣服,16,1,0,1,8.0
終わり,おわり,终，末尾，结束,16,1,0,1,8.0
辞書,じしょ,词典，辞典，字典,16,1,0,1,8.0
郵便局,ゆうびんきょく,邮局,16,1,0,1,8.0
お客さん,おきゃくさん,客人；顾客,17,1,0,1,8.0
どれぐらい,どれぐらい,多少,17,1,0,1,8.0
アパート,あぱーと,公寓,17,1,0,1,8.0
中華料理,ちゅうかりょうり,中国菜,17,1,0,1,8.0
何れ,どれ,哪个；哪些；哪一个；哪一些,17,1,0,1,8.0
傘,かさ,雨伞,17,1,0,1,8.0
写真,しゃしん,照片,17,1,0,1,8.0
帰る,かえる,回去,17,1,0,1,8.0
遊ぶ,あそぶ,玩，游玩,17,1,0,1,8.0
難しい,むずかしい,难的,17,1,0,1,8.0
パーティー,ぱーてぃー,party（社交性或娱乐性）会，集会；茶会，舞会，晚会，联欢会，聚餐会；〔特指登山中的〕小队，小组，一行，一队,18,1,0,1,8.0
初めて,はじめて,初次，第一次,18,1,0,1,8.0
大丈夫,だいじょうぶ,没问题，不要紧,18,1,0,1,8.0
寒い,さむい,（天气）冷的,18,1,0,1,8.0
思う,おもう,认为，想,18,1,0,1,8.0
易しい,やさしい,容易的，简单的,18,1,0,1,8.0
綺麗,きれい,漂亮；美丽；干净；整洁,18,1,0,1,8.0
自分,じぶん,自己；我,18,1,0,1,8.0
話,はなし,话；话题，事情；故事,18,1,0,1,8.0
達,たち,们；等；等等,18,1,0,1,8.0
どうも,どうも,非常，很；怎么也（不）；总觉得,19,1,0,1,8.0
元気,げんき,精神，活力；有精神,19,1,0,1,8.0
先月,せんげつ,上个月,19,1,0,1,8.0
友達,ともだち,朋友,19,1,0,1,8.0
本,ほん,书本，书籍,19,1,0,1,8.0
来月,らいげつ,下个月,19,1,0,1,8.0
横,よこ,横；侧面，旁边；躺下,19,1,0,1,8.0
洗濯,せんたく,洗衣服,19,1,0,1,8.0
結婚,けっこん,结婚,19,1,0,1,8.0
電車,でんしゃ,电车,19,1,0,1,8.0
いくつ,いくつ,几个；几岁,20,1,0,1,8.0
こちら,こちら,（指示说话者所在的方向或地点）这里；（说话者或说话者旁边的人）这个，这位,20,1,0,1,8.0
コピー,こぴー,copy抄本，誊本，副本；文稿；〈映〉拷贝，正片,20,1,0,1,8.0
パン,ぱん,面包；平锅，带柄煎锅,20,1,0,1,8.0
以外,いがい,以外,20,1,0,1,8.0
何時も,いつも,无论何时，经常；日常，平日，往常,20,1,0,1,8.0
冬休み,ふゆやすみ,寒假,20,1,0,1,8.0
忙しい,いそがしい,忙碌的,20,1,0,1,8.0
授業,じゅぎょう,授业，上课,20,1,0,1,8.0
時間,じかん,时间，时刻,20,1,0,1,8.0
来週,らいしゅう,下周,20,1,0,1,8.0
電話,でんわ,打电话,20,1,0,1,8.0
顔,かお,脸；表情；面子；人,20,1,0,1,8.0
ちゃん,ちゃん,在名字前加上“阿”字，表示亲昵。比如“阿姨”（おばちゃん，如幼儿园的老师）。在南方，人们会从名字中选择一个字，加上“ちゃん”或“さん”，如“阿林”（アリンちゃん）、“阿丽”（アリちゃん）。如果名字有两个字，就选择其中一个字加上“ちゃん”或“さん”。；接在名字后表示亲热；称呼父亲的俚语。自江户时代以来它已被普通民众使用,21,1,0,1,8.0
ですから,ですから,因此,21,1,0,1,8.0
エレベーター,えれべーたー,电梯；升降机,21,1,0,1,8.0
クリスマス,くりすます,Christmas圣诞节,21,1,0,1,8.0
ジュース,じゅーす,juice 汁，汁液,21,1,0,1,8.0
仕事,しごと,工作，职业,21,1,0,1,8.0
会社員,かいしゃいん,会社员,21,1,0,1,8.0
再来週,さらいしゅう,下下周，下下星期,21,1,0,1,8.0
問題,もんだい,问题，题目；麻烦事,21,1,0,1,8.0
歓迎会,かんげいかい,迎新会,21,1,0,1,8.0
水曜日,すいようび,周三,21,1,0,1,8.0
終わる,おわる,结束,21,1,0,1,8.0
美味しい,おいしい,好吃；好喝，可口，味道鲜美，味美；清新,21,1,0,1,8.0
連休,れんきゅう,连续的假日，连休,21,1,0,1,8.0
青,あお,蓝色；青色，绿色；绿灯,21,1,0,1,8.0
いいえ,いいえ,（表示否定）不是，不对,22,1,0,1,8.0
ケーキ,けーき,cake蛋糕，洋点心，西洋糕点,22,1,0,1,8.0
シーディー,しーでぃー,Compact Disc光盘,22,1,0,1,8.0
中,なか,内部，里面；其中,22,1,0,1,8.0
大きい,おおきい,大的；程度高的；年长的,22,1,0,1,8.0
始まる,はじまる,开始,22,1,0,1,8.0
歌う,うたう,唱歌,22,1,0,1,8.0
毎週,まいしゅう,每周,22,1,0,1,8.0
登る,のぼる,登上,22,1,0,1,8.0
窓,まど,窗户,22,1,0,1,8.0
良い,いい,好，良好，优良，优秀，优异；善良；聪明；要好；贵重，高贵，珍贵；高尚，高雅；美丽；漂亮；晴朗，爽朗；舒适，舒服，舒畅；好，佳，吉，喜庆；合适，正好，好；恰当，适当；恰好，凑巧；好；对；行，可以；够了；(对……)有效；有好处；适合于……；(感情)和睦，亲密,22,1,0,1,8.0
お兄さん,おにいさん,哥哥；对年轻男子的称呼,23,2,0,2,8.0
だから,だから,因此，所以,23,1,0,1,8.0
ゴルフ,ごるふ,（Golf）高尔夫球,23,1,0,1,8.0
切符,きっぷ,（车、船等的）票,23,1,0,1,8.0
妹,いもうと,（自己的）妹妹,23,1,0,1,8.0
涼しい,すずしい,（天气）凉爽的，凉快的,23,1,0,1,8.0
白い,しろい,白色的；空白的,23,1,0,1,8.0
言葉,ことば,语言，话，词,23,1,0,1,8.0
静か,しずか,安静；平静；悄悄地,23,1,0,1,8.0
あれ,あれ,（表示离双方都有距离的）那个；（指之前发生过的，你和对方都熟悉的事情）那时,24,1,0,1,8.0
お腹,おなか,肚子，女性用语,24,1,0,1,8.0
お茶,おちゃ,茶；工作间隙中的短暂休息,24,1,0,1,8.0
お金,おかね,钱，货币,24,2,0,2,8.0
ワイン,わいん,wine葡萄酒，红酒,24,1,0,1,8.0
何時,いつ,何时，几时，什么时候；永久；总是；随时；经常；平时,24,1,0,1,8.0
先週,せんしゅう,上周,24,1,0,1,8.0
分かる,わかる,明白，懂；知道,24,1,0,1,8.0
彼方,あちら,那里，那个；他，她，那个人,24,1,0,1,8.0
昨夜,ゆうべ,昨夜，昨晚,24,1,0,1,8.0
死ぬ,しぬ,死亡,24,1,0,1,8.0
猫,ねこ,猫,24,1,0,1,8.0
背,せ,身高,24,1,0,1,8.0
色,いろ,颜色；肤色；种类,24,1,0,1,8.0
降りる,おりる,下车,24,1,0,1,8.0
何,なん,什么,25,1,0,1,8.0
家,いえ,房子；家庭,25,1,0,1,8.0
父,ちち,（跟别人提及时）爸爸，父亲,25,1,0,1,8.0
皆,みんな,全体，大家；全，都，皆，一切,25,1,0,1,8.0
英語,えいご,英语,25,1,0,1,8.0
行く,いく,去,25,1,0,1,8.0
起きる,おきる,站起来；起床；没睡觉；发生,25,1,0,1,8.0
えっ,えっ,（惊讶或觉得奇怪时）哎，啊,26,1,0,1,8.0
カレー,かれー,(英) curry ;〈料理〉咖喱，加哩,26,1,0,1,8.0
サッカー,さっかー,soccer足球,26,1,0,1,8.0
ベッド,べっど,床,26,1,0,1,8.0
ホテル,ほてる,hotel 宾馆，饭店，旅馆,26,1,0,1,8.0
今日,きょう,今天,26,1,0,1,8.0
休み,やすみ,休息；假日；就寝,26,1,0,1,8.0
帰国,きこく,回国,26,1,0,1,8.0
日曜日,にちようび,周日,26,1,0,1,8.0
自動車,じどうしゃ,自动车，汽车,26,1,0,1,8.0
お湯,おゆ,热水，开水,27,2,0,2,8.0
たぶん,たぶん,大概，大约,27,1,0,1,8.0
もっと,もっと,更加,27,1,0,1,8.0
バス,ばす,bus公共汽车,27,1,0,1,8.0
世界,せかい,世界,27,1,0,1,8.0
先に,さきに,之前，以前,27,1,0,1,8.0
午後,ごご,下午，午后,27,1,0,1,8.0
危ない,あぶない,危险的,27,1,0,1,8.0
可愛い,かわいい,讨人喜欢；宝贵的；小巧玲珑,27,1,0,1,8.0
夜,よる,晚上，夜间,27,1,0,1,8.0
嫌い,きらい,讨厌，不喜欢；（…のきらいがある）不好的倾向,27,1,0,1,8.0
新しい,あたらしい,新的,27,1,0,1,8.0
火曜日,かようび,周二,27,1,0,1,8.0
絵,え,画，绘画,27,1,0,1,8.0
雪,ゆき,雪,27,1,0,1,8.0
もしもし,もしもし,（打电话时）喂；（对不认识的人的称呼）喂,28,1,0,1,8.0
アルバム,あるばむ,album相片簿，照相簿，影集；纪念册；歌曲唱片集专辑,28,1,0,1,8.0
ジェーアール,じぇーあーる,JR，日本国有铁道,28,1,0,1,8.0
上手,じょうず,擅长，高明,28,1,0,1,8.0
如何して,どうして,为何；怎么样；岂止；怎么能；诶呀,28,1,0,1,8.0
月曜日,げつようび,周一,28,1,0,1,8.0
留学生,りゅうがくせい,留学生,28,1,0,1,8.0
皆さん,みなさん,各位，诸位,28,1,0,1,8.0
私,わたし,我,28,1,0,1,8.0
足,あし,脚，腿,28,1,0,1,8.0
鉛筆,えんぴつ,铅笔,28,1,0,1,8.0
どのぐらい,どのぐらい,大约多少；多久；多远,29,1,0,1,8.0
エスカレーター,えすかれーたー,escalator自动扶梯；能自动升学、晋级的机制,29,1,0,1,8.0
ビール,びーる,beer啤酒,29,1,0,1,8.0
一緒に,いっしょに,一起，一同,29,1,0,1,8.0
余り,あまり,剩余，余剩，剩下；剩下的数，余数；过度……的结果，因过于……而……；（不）怎样，（不）很，（不）大；太，过分,29,1,0,1,8.0
勉強,べんきょう,学习,29,1,0,1,8.0
喫茶店,きっさてん,咖啡厅，茶馆,29,1,0,1,8.0
夏休み,なつやすみ,暑假,29,1,0,1,8.0
天ぷら,てんぷら,天妇罗（一种鱼和蔬菜等裹上面粉后油炸的食物）,29,1,0,1,8.0
書類,しょるい,文件，资料,29,1,0,1,8.0
確かめる,たしかめる,弄清，查明,29,1,0,1,8.0
資料,しりょう,资料,29,1,0,1,8.0
開く,あく,打开，开着,29,1,0,1,8.0
電気,でんき,电；电灯,29,1,0,1,8.0
コーラ,こーら,可乐；cola柯拉树，柯拉子,30,1,0,1,8.0
スキー,すきー,ski，滑雪；滑雪橇，滑雪板,30,1,0,1,8.0
トイレ,といれ,（宠物用）砂盆；toiletトイレット的缩略，厕所，化妆室,30,1,0,1,8.0
一番,いちばん,第一，最好；最,30,1,0,1,8.0
営業部,えいぎょうぶ,销售部门,30,1,0,1,8.0
散歩,さんぽ,散步,30,1,0,1,8.0
暖かい,あたたかい,（天气）暖和的,30,1,0,1,8.0
本当に,ほんとうに,真正地,30,1,0,1,8.0
毎回,まいかい,每次，每回,30,1,0,1,8.0
練習,れんしゅう,练习,30,1,0,1,8.0
船,ふね,船,30,1,0,1,8.0
製品,せいひん,制品；产品；成品,30,1,0,1,8.0
コンビニ,こんびに,convenience store便利店,31,1,0,1,8.0
ノート,のーと,笔记，备忘录；注解，注释；笔记本，本子；〈楽〉音符；记笔记,31,1,0,1,8.0
冷たい,つめたい,冰凉的；冷淡的,31,1,0,1,8.0
彼処,あそこ,那里，那儿,31,1,0,1,8.0
朝,あさ,早晨，早上,31,1,0,1,8.0
犬,いぬ,狗,31,1,0,1,8.0
看板,かんばん,招牌,31,1,0,1,8.0
貴方,あなた,您；你；你,31,1,0,1,8.0
重い,おもい,重的；沉重的；严重的,31,1,0,1,8.0
飲み物,のみもの,饮料,31,1,0,1,8.0
饂飩,うどん,乌冬面,31,1,0,1,8.0
ディズニーランド,でぃずにーらんど,迪士尼乐园,32,1,0,1,8.0
浴びる,あびる,淋，沐浴；晒，照,32,1,0,1,8.0
音,おと,（非生命物体发出的）声音,32,1,0,1,8.0
でも,でも,然而，可是；即使……也,33,1,0,1,8.0
はい,はい,是的，对的,33,1,0,1,8.0
テレビ,てれび,television电视（机）,33,1,0,1,8.0
何方,どちら,哪边，哪面，哪儿；哪个,33,1,0,1,8.0
大変,たいへん,麻烦，够呛；非常,33,1,0,1,8.0
学校,がっこう,学校,33,1,0,1,8.0
寝る,ねる,睡觉；躺着,33,1,0,1,8.0
煩い,うるさい,嘈杂，烦人的；烦人的，纠缠不休难以忍受；话多，爱唠叨人；说三道四，挑剔；厌恶，麻烦而令人讨厌,33,1,0,1,8.0
面白い,おもしろい,有趣的；快乐的，愉快的,33,1,0,1,8.0
医者,いしゃ,医生,34,1,0,1,8.0
日本,にほん,日本,34,1,0,1,8.0
春,はる,春天，春季,34,1,0,1,8.0
木曜日,もくようび,周四,34,1,0,1,8.0
歌,うた,歌曲,34,1,0,1,8.0
痛い,いたい,疼痛的；痛苦的,34,1,0,1,8.0
皮,かわ,皮，表皮,34,1,0,1,8.0
眼鏡,めがね,眼镜,34,1,0,1,8.0
色々,いろいろ,各种各样、形形色色、种类繁多；种种、方方面面；各种颜色，多种颜色,34,1,0,1,8.0
詰まらない,つまらない,无聊的，无趣的；无聊的，没意思，没兴趣的；无用的无价值的；划不来，倒霉；不上算,34,1,0,1,8.0
青い,あおい,蓝色的；绿色的；苍白的；不成熟的,34,1,0,1,8.0
その,その,（指代对方附近的物品）那个,35,1,0,1,8.0
とても,とても,很，非常,35,1,0,1,8.0
タクシー,たくしー,taxi出租汽车；的士；计程车,35,1,0,1,8.0
マンション,まんしょん,[英]mansion高级公寓,35,1,0,1,8.0
休む,やすむ,休息，请假,35,1,0,1,8.0
先生,せんせい,对老师、医生、律师等的敬称,35,1,0,1,8.0
暑い,あつい,（天气）热的,35,1,0,1,8.0
遅い,おそい,晚的；迟缓的,35,1,0,1,8.0
全然,ぜんぜん,完全（不），根本（不）,8,1,0,1,7.0
展覧会,てんらんかい,展览会,8,1,0,1,7.0
矢張り,やはり,仍然，依然，还是，照旧；也，同样，又；毕竟还是，归根结底；（虽然）……但仍，（尽管）……还是；果然,8,1,0,1,7.0
テニス,てにす,tennis网球,9,1,0,1,7.0
小説,しょうせつ,小说,9,1,0,1,7.0
息子,むすこ,儿子,9,1,0,1,7.0
森,もり,森林,9,1,0,1,7.0
泥棒,どろぼう,小偷,9,1,0,1,7.0
ほら,ほら,（用于提醒）喏，瞧,10,1,0,1,7.0
携帯電話,けいたいでんわ,手机,10,1,0,1,7.0
春節,しゅんせつ,（中国）春节，农历新年，大年初一,10,1,0,1,7.0
ゴミ,ごみ,垃圾，尘土；ごみ,11,1,0,1,7.0
お嬢さん,おじょうさん,"令爱,（您的）女儿；千金；小姐，姑娘；女青年；娇生惯养的小姐",12,1,0,1,7.0
気,き,气，空气；心情；性质,12,1,0,1,7.0
わあ,わあ,（表示惊讶或吓人）哇,13,1,0,1,7.0
始める,はじめる,开始,13,1,0,1,7.0
怖い,こわい,可怕的，令人害怕的,13,1,0,1,7.0
自然,しぜん,大自然；自然地,13,1,0,1,7.0
もちろん,もちろん,当然,14,1,0,1,7.0
嬉しい,うれしい,高兴，快活，喜悦，欢喜,14,1,0,1,7.0
お土産,おみやげ,纪念品，土产,15,1,0,1,7.0
それで,それで,因此，所以；（表示催促）那么，后来,15,1,0,1,7.0
ビル,びる,ビルディング（building）的缩写大楼，高楼，大厦,15,1,0,1,7.0
レポート,れぽーと,report报告；报道，通讯；报告书；学术研究报告,15,1,0,1,7.0
決める,きめる,决定,15,1,0,1,7.0
準備,じゅんび,准备,15,1,0,1,7.0
漫画,まんが,漫画，连环画,15,1,0,1,7.0
明日,あした,明天,16,1,0,1,7.0
パソコン,ぱそこん,Personal Computer个人电脑，计算机,17,1,0,1,7.0
不便,ふべん,不便，不方便,17,1,0,1,7.0
急,きゅう,突然的；紧急的；陡峭的，角度大的,17,1,0,1,7.0
火,ひ,火,17,1,0,1,7.0
コンサート,こんさーと,音乐会，演奏会,18,1,0,1,7.0
チェック,ちぇっく,check核对，检查核对；支票；方格花纹，格子，花格；检验（记号），核对（记号）；打记号；牵制；阻止；抑制；<国际象棋>将军将；帅,18,1,0,1,7.0
考える,かんがえる,考虑,18,1,0,1,7.0
ところで,ところで,（转换话题时）对了,19,1,0,1,7.0
ビデオ,びでお,video影像，录像，视频；录像带，摄像机，录像机,19,1,0,1,7.0
味,あじ,味道；趣味,19,1,0,1,7.0
心配,しんぱい,担心；操心,19,1,0,1,7.0
中国語,ちゅうごくご,中文，汉语,20,1,0,1,7.0
そろそろ,そろそろ,快要，就要（做某事）,21,1,0,1,7.0
夜中,よなか,深夜，半夜,21,1,0,1,7.0
矢っ張り,やっぱり,还是，仍然，依然，也；毕竟还是,21,1,0,1,7.0
ええと,ええと,（犹豫或思考时）啊，嗯,22,1,0,1,7.0
大体,だいたい,概要；大致；本来,22,1,0,1,7.0
社会人,しゃかいじん,社会成员，社会一员，参加工作的人；社会人,22,1,0,1,7.0
凄い,すごい,可怕的，骇人的；阴森可怕的；了不起的，好得很的；非常的厉害的,23,1,0,1,7.0
眠い,ねむい,有睡意的，犯困的,23,1,0,1,7.0
約束,やくそく,约定；规则,23,1,0,1,7.0
十分,じゅうぶん,足够，充分，充足,24,1,0,1,7.0
喉,のど,喉咙，嗓子,24,1,0,1,7.0
桜,さくら,樱花，樱花树,24,1,0,1,7.0
あら,あら,唉呀！哎哟！,25,1,0,1,7.0
アメリカ,あめりか,美国;美洲,25,1,0,1,7.0
パスポート,ぱすぽーと,护照；身分证,25,1,0,1,7.0
今度,こんど,这次或下次；最近，上次,25,1,0,1,7.0
是非,ぜひ,是非；正确与错误，对与不对；善恶，好与坏；务必，必须；一定；无论如何；非……不可,25,1,0,1,7.0
夢,ゆめ,梦；理想；幻想；虚幻,26,1,0,1,7.0
斯う,こう,如此，这样，这么；啊，嗯，这个,26,1,0,1,7.0
今夜,こんや,今晚,27,1,0,1,7.0
そんなに,そんなに,那样地，那么地；那么,28,1,0,1,7.0
中々,なかなか,颇，很；（后常接否定）（不）简单，（不）容易；『古』反而；『古』（后接否定）绝不，无论如何也不,28,1,0,1,7.0
最近,さいきん,最近,28,1,0,1,7.0
無理,むり,不合理；勉强，难以办到；强行,28,1,0,1,7.0
ピアノ,ぴあの,（piano）钢琴；〈楽〉微弱地，轻奏,29,1,0,1,7.0
早く,はやく,早早；早，早就；快，迅速,29,1,0,1,7.0
社長,しゃちょう,社长,29,1,0,1,7.0
偶に,たまに,有时，偶尔,30,1,0,1,7.0
日,ひ,太阳；白天；天,30,1,0,1,7.0
予定,よてい,预定，计划,31,1,0,1,7.0
優しい,やさしい,温柔的，体贴的；优美的,31,1,0,1,7.0
火事,かじ,火灾,32,1,0,1,7.0
空く,すく,稀疏，空旷；某个空间里的人、物数量减少；饥饿，肚子空，肚子饿；有空闲,32,1,0,1,7.0
髪,かみ,头发,32,1,0,1,7.0
コンピューター,こんぴゅーたー,computer（电子）计算机，电脑,33,1,0,1,7.0
玩具,おもちゃ,玩具，玩意儿；玩物，玩弄品,33,1,0,1,7.0
集める,あつめる,集合，集中，收集,33,1,0,1,7.0
特に,とくに,特别,34,1,0,1,7.0
予約,よやく,预约,35,1,0,1,7.0
止める,やめる,停止，中止；放弃；取消，作罢；戒，忌,35,1,0,1,7.0
海岸,かいがん,海岸，海边,35,1,0,1,7.0
駐車場,ちゅうしゃじょう,停车场,35,1,0,1,7.0
それ,それ,（表示离对方近的东西）那个,8,1,0,1,6.0
やる,やる,做；（上级给下级，人给动物等）给,8,1,0,1,6.0
バーベキュー,ばーべきゅー,(英) barbecue ;（野游时吃的）烤肉；烤肉架,8,1,0,1,6.0
ラケット,らけっと,racket球拍,8,1,0,1,6.0
京劇,きょうげき,京剧,8,1,0,1,6.0
周辺,しゅうへん,周边，四周,8,1,0,1,6.0
絶対に,ぜったいに,绝对，肯定（常和否定形一起使用）,8,1,0,1,6.0
お弁当,おべんとう,便当，盒饭,9,1,0,1,6.0
お早う,おはよう,早啊，您早，早安,9,1,0,1,6.0
シャンハイ,しゃんはい,上海,9,1,0,1,6.0
フェリー,ふぇりー,ferry渡轮，用于载人、载车渡过江、河、湖、海的船的简称,9,1,0,1,6.0
初心者,しょしんしゃ,初学者,9,1,0,1,6.0
この,この,（指代靠近说话者的事物）这个,10,1,0,1,6.0
恋愛,れんあい,爱情，恋爱,10,1,0,1,6.0
新幹線,しんかんせん,新干线,10,1,0,1,6.0
生ビール,なまびーる,鲜(生)啤酒,10,1,0,1,6.0
～中,～じゅう,整个；全部；始终；持续,10,1,0,1,6.0
お先に失礼します,おさきにしつれいします,我先告辞了；我先失陪了；我先走了,11,1,0,1,6.0
お酒,おさけ,酒（详见「さけ」）,11,1,0,1,6.0
よろしくお願いします,よろしくおねがいします,请多多关照请多指教,11,1,0,1,6.0
サッカーボール,さっかーぼーる,soccerball足球,11,1,0,1,6.0
表,ひょう,表，表格，图表；上书，上表,11,1,0,1,6.0
送別会,そうべつかい,饯别宴会，欢送会辞别宴会,11,1,0,1,6.0
まあまあ,まあまあ,大致，还算；好了好了，行了行了；表示惊讶感叹,12,1,0,1,6.0
図書室,としょしつ,图书室,12,1,0,1,6.0
学者,がくしゃ,学者,12,1,0,1,6.0
サービス,さーびす,service（免费）服务；（商品的）售后服务，保修；接待，招待；（商店等）减价，奉送，附带赠品出售，奉送的赠品,13,1,0,1,6.0
太郎,たろう,长子，老大；男孩儿,13,1,0,1,6.0
神戸,こうべ,神户是日本兵库县东南部的市，为县厅所在地，指定城市面临大阪湾，在背靠六甲山地的狭长地上形成中心市街地日本数一数二的贸易港，阪神工业地带的中心,13,1,0,1,6.0
それから,それから,然后；还有,14,1,0,1,6.0
デュポン,でゅぽん,杜邦,14,1,0,1,6.0
フランス語,ふらんすご,法语,14,1,0,1,6.0
初めまして,はじめまして,初次见面,14,1,0,1,6.0
清水,しみず,泉水，清澈的泉水；清水静冈县中部、面骏河湾的城市，包括旧东海道的江尻宿驿和兴津宿驿是水产业和石油、金属、造纸等工业开发区，还有三保松原和日本平两处景点；日本的姓氏之一；《清水》狂言剧目之一梗概为：被差遣去汲茶道用水的仆人谎称有鬼而逃回，当主人去取水桶时，他戴上面具扮鬼吓唬主人，却因声音被识破,14,1,0,1,6.0
あの人,あのひと,他，她，那个人；丈夫；女朋友；男朋友,15,1,0,1,6.0
そこ,そこ,（指代对方附近）那里；指刚才提及的事情或状态,15,1,0,1,6.0
天井,てんじょう,顶棚，天花板；物体内部最高处；顶点，最高限度,15,1,0,1,6.0
日本人,にほんじん,日本人,15,1,0,1,6.0
瑞西,すいす,Suisse瑞士,15,1,0,1,6.0
脚,あし,脚腿,15,1,0,1,6.0
フランス,ふらんす,法国又可写「仏蘭西」,16,1,0,1,6.0
ベートーベン,べーとーべん,(英) Ludwig van Beethoven贝多芬,16,1,0,1,6.0
メールアドレス,めーるあどれす,mail address电子邮箱（地址）也略写为メアド,16,1,0,1,6.0
中国人,ちゅうごくじん,中国人,16,1,0,1,6.0
樹,き,木头，木材，木料(用材。材木。),16,1,0,1,6.0
いけない,いけない,不行；不可以；不好；不能,17,1,0,1,6.0
分かり,わかり,领会，理解，明白,17,1,0,1,6.0
東京,とうきょう,东京,17,1,0,1,6.0
中国,ちゅうごく,中国,18,1,0,1,6.0
修理,しゅうり,修理，修缮,18,1,0,1,6.0
大統領,だいとうりょう,总统；老板,18,1,0,1,6.0
富士山,ふじさん,富士山横跨静冈、山梨两县的圆锥状成层火山，日本最高峰，海拔3776m自1707年喷发形成宝永山之后停止活动，火山口直径约800m现在汽车可开到半山腰,18,1,0,1,6.0
日本料理,にほんりょうり,日本菜，日本料理,18,1,0,1,6.0
遅れる,おくれる,迟到；进展慢,18,1,0,1,6.0
すみません,すみません,对不起，抱歉；麻烦你，不好意思；请问，问一下,19,1,0,1,6.0
クラシック,くらしっく,classic古典；古典的；古典音乐,19,1,0,1,6.0
ゴールデンウィーク,ごおるでんうぃいく,黄金周,19,1,0,1,6.0
シルク,しるく,silk丝；丝绸；生丝,20,1,0,1,6.0
太極拳,たいきょくけん,太极拳,20,1,0,1,6.0
御免,ごめん,许可，允许；请原谅；对不起；请不要见怪；不干，不能；准许，特许；免职，罢免,20,1,0,1,6.0
ガイド,がいど,guide 指南，引导，向导引路，亦指其人导游为外国旅游者做向导并兼翻译的人；指南，入门书，导读；指针，记号；引线环渔具之一，为引导主钓线由线轴向杆先端而在钓竿上安装的小环,21,1,0,1,6.0
後で,あとで,……之后；在……之后；稍后,21,1,0,1,6.0
獅子舞,ししまい,舞狮，狮子舞,21,1,0,1,6.0
銀座,ぎんざ,银座；繁华街；银币铸造厂,21,1,0,1,6.0
そば屋,そばや,荞麦面馆,22,1,0,1,6.0
どの,どの,哪一个,22,1,0,1,6.0
梨,なし,梨树，梨,23,1,0,1,6.0
道路,どうろ,路，道路，公路，马路,23,1,0,1,6.0
うーん,うーん,嗯……，这个……,24,1,0,1,6.0
ジョギング,じょぎんぐ,慢跑,24,1,0,1,6.0
こどもの日,こどものひ,日本儿童节（5月5日），日本节日之一；这一天也是从公元前开始的中国传统的“五节”之一“端午节”端午节的习俗约在7世纪传到日本，被叫作“端午の節句「たんごのせっく」”,25,1,0,1,6.0
ホンコン,ほんこん,HongKong香港,25,1,0,1,6.0
頭がいい,あたまがいい,脑子好，聪明,25,1,0,1,6.0
クレジットカード,くれじっとかーど,信用卡，信用记录卡,26,1,0,1,6.0
スイッチ,すいっち,电门，开关；转辙器，路闸；转换，交替,26,1,0,1,6.0
スペイン語,すぺいんご,西班牙语；西班牙语的,26,1,0,1,6.0
ノートパソコン,のーとぱそこん,notebook personal computer笔记本电脑,26,1,0,1,6.0
イチゴ,いちご,草莓，杨梅,27,1,0,1,6.0
企業,きぎょう,企业,27,1,0,1,6.0
気をつける,きをつける,小心，当心，警惕，留神,27,1,0,1,6.0
〜によって,〜によって,以……的手段、方法来……,28,1,0,1,6.0
モーツァルト,もーつぁると,Wolfgang Amadeus Mozart莫扎特,28,1,0,1,6.0
通勤,つうきん,上下班，通勤,28,1,0,1,6.0
間もなく,まもなく,没过多少时间的样子，不久，不多时，不大工夫，不一会儿，一会儿,28,1,0,1,6.0
韓国,かんこく,南朝鲜；韩国,28,1,0,1,6.0
韓国人,かんこくじん,韩国人,28,1,0,1,6.0
こんにちは,こんにちは,你好，您好,29,1,0,1,6.0
デザイナー,でざいなー,设计家，图案家,29,1,0,1,6.0
バドミントン,ばどみんとん,（Badminton）羽毛球，球类运动的一种，双方隔着网用球拍互打羽毛球的体育运动在格拉斯哥郡的伯明顿庄园形成游戏的原型，故名,29,1,0,1,6.0
広島,ひろしま,广岛市位于广岛县西南部，濒临广岛湾政令指定都市县府所在地中国地区的中心；广岛县位于日本中国地区中部、濑户内海一侧,29,1,0,1,6.0
最新,さいしん,最新,29,1,0,1,6.0
若しかしたら,もしかしたら,或许，可能,29,1,0,1,6.0
さようなら,さようなら,再见，告别,30,1,0,1,6.0
キャンプ,きゃんぷ,〔野営〕露营，野营；帐篷，帐幕，天幕；兵营；俘虏营,30,1,0,1,6.0
名産品,めいさんひん,名产，特产，当地有名的产品,30,1,0,1,6.0
もう少し,もうすこし,再稍微；差一点，几乎,31,1,0,1,6.0
アメリカ人,あめりかじん,美国人,31,1,0,1,6.0
オーストラリア人,おーすとらりあじん,澳大利亚人,31,1,0,1,6.0
ロック,ろっく,（lock）锁；上锁；锁死，抱死；（rock）摇滚乐；岩石；（John Locke）约翰·洛克,31,1,0,1,6.0
休憩時間,きゅうけいじかん,休息时间,31,1,0,1,6.0
女優,じょゆう,女演员,31,1,0,1,6.0
バラ,ばら,玫瑰，蔷薇,32,1,0,1,6.0
本屋,ほんや,书店,32,1,0,1,6.0
花屋,はなや,花商，花店，卖花的摊棚,32,1,0,1,6.0
～君,～くん,用于称呼男性或男孩，表示亲昵或尊敬；用于称呼比自己年轻的男性同事或下属,32,1,0,1,6.0
ミカン,みかん,橘子，柑橘，八朔日本原产柑橘,33,1,0,1,6.0
修学旅行,しゅうがくりょこう,修学旅行,34,1,0,1,6.0
研修生,けんしゅうせい,进修生；劳务输出人员,34,1,0,1,6.0
万里の長城,ばんりのちょうじょう,万里长城,35,1,0,1,6.0
塩辛い,しおからい,很咸,35,1,0,1,6.0
小野,おの,小野；小野区地名,35,1,0,1,6.0
英会話,えいかいわ,英语会话，用英语进行交谈,35,1,0,1,6.0
タイムサービス,たいむさーびす,报时业务，时段廉价销售,9,1,0,1,5.0
転勤,てんきん,转调工作地点,10,1,0,1,5.0
お母さん,おかあさん,妈妈，母亲,11,1,0,1,5.0
スケート,すけーと,skate冰鞋；冰刀；滑冰，溜冰,13,1,0,1,5.0
取り敢えず,とりあえず,暂时，姑且，首先，先；赶忙，赶快；急忙；匆匆忙忙,16,1,0,1,5.0
水筒,すいとう,水筒，水壶,20,1,0,1,5.0
京都,きょうと,京都，日本的都市之一,22,1,0,1,5.0
市街,しがい,繁华街区，大街；大街小巷,22,1,0,1,5.0
未だ,まだ,尚，还，未，仍；才，仅，不过,24,1,0,1,5.0
洗濯機,せんたくき,洗衣机,24,1,0,1,5.0
ハイキング,はいきんぐ,hiking郊游，徒步旅行，远足,25,1,0,1,5.0
リンゴ,りんご,苹果,26,1,0,1,5.0
携帯,けいたい,携带，随身带着；（「携帯電話」の略）手机,28,1,0,1,5.0
違う,ちがう,不一样；错误,28,1,0,1,5.0
駅前,えきまえ,（电车、地铁的）车站周边,28,1,0,1,5.0
～子,～こ,孩子；种子；子嗣；女子；微小的事物,29,1,0,1,5.0
デジカメ,でじかめ,digitalcamera数码相机,31,1,0,1,5.0
中,ちゅう,正在……；中间，中,33,1,0,1,5.0
月,げつ,月；月，“星期一”的省略,33,1,0,1,5.0
